timestamp,x,y,z
1517145315454060,-0.25,-0.625,0.1875
1517145315461064,-1.3125,-0.75,0.5
1517145315484081,-0.625,1,0.3125
1517145315499092,-0.5,2.125,0.1875
1517145315523109,-0.1875,2.1875,0.3125
1517145315544124,0.75,2.25,0.125
1517145315559134,-0.375,2,-0.5
1517145315584152,-2,1.6875,-0.25
1517145315614173,-2.9375,1.25,-0.4375
1517145315622179,-1.9375,1.125,-0.75
1517145315635188,-1.5,0.9375,-0.5625
1517145315659205,-1.1875,0.625,-0.625
1517145315688225,-1,0.625,-0.375
1517145315698232,0.0625,1.8125,-0.25
1517145315748268,0.3125,2.3125,0.125
1517145315749271,0.6875,2.3125,0
1517145315758278,0.3125,2,0.0625
1517145315777296,0.375,1.875,-0.375
1517145315793308,-1.3125,1.25,-0.0625
1517145315823322,-1.5,1,-0.125
1517145315844336,-1.3125,0.6875,-0.1875
1517145315867353,-0.1875,0,-0.3125
1517145315884366,-0.3125,-0.1875,-0.25
1517145315904380,-0.5625,0.25,0.0625
1517145315927395,-0.4375,1.4375,-0.1875
1517145315943406,-0.125,2.1875,0.1875
1517145315964421,1.375,2.5,0
1517145315980433,1.125,3.0625,0.0625
1517145316003449,-0.6875,2.8125,-0.0625
1517145316032470,-1.25,1.9375,0.0625
1517145316046481,-0.875,1.5625,-0.1875
1517145316063492,-1.25,0.75,-0.25
1517145316084506,-0.6875,0.8125,-0.125
1517145316100518,-0.5625,0.875,0.75
1517145316123535,0,0.4375,0.5
1517145316144549,0.9375,0.4375,0.8125
1517145316160561,1.25,0.875,0.125
1517145316183577,0.375,1.875,-0.375
1517145316204592,-1.1875,2,-0.3125
1517145316220603,-1.6875,1.875,-0.0625
1517145316243620,-0.0625,1.1875,-0.0625
1517145316265635,0,0.9375,-0.25
1517145316286650,-0.875,1.25,-0.0625
1517145316309666,-0.9375,1.6875,0
1517145316326679,0.625,1.6875,0.25
1517145316340689,1.1875,1.0625,0.3125
1517145316363705,0.625,1.0625,0.3125
1517145316385720,-0.125,0.8125,0.6875
1517145316401732,-0.3125,0.8125,0.125
1517145316423748,-1.0625,0.75,-0.0625
1517145316445763,-1.3125,0.4375,0.25
1517145316459773,0.0625,0.3125,0
1517145316483791,-0.3125,0.8125,-0.0625
1517145316505805,-1,1.375,-0.1875
1517145316519815,-1.125,1.6875,0.5
1517145316543832,-0.625,1.8125,0.0625
1517145316565849,0.0625,1.8125,0.4375
1517145316586864,0.3125,1.875,-0.125
1517145316603875,-0.8125,1.875,-0.4375
1517145316626893,-1.625,0.875,-0.375
1517145316639900,-0.3125,-0.0625,0.0625
1517145316662917,0.25,-0.5625,-0.0625
1517145316692945,-0.25,-0.75,0.0625
1517145316701946,-0.5,-0.5,0.1875
1517145316728964,-0.25,0.5,0.0625
1517145316745976,0.3125,1.8125,0.0625
1517145316767992,0.25,2.0625,0.4375
1517145316797013,1.125,1.625,0.125
1517145316812023,0.3125,1,0.0625
1517145316828042,-1.0625,0,0.125
1517145316851051,-1.5,-0.1875,0.0625
1517145316866061,-1.0625,-0.4375,0.25
1517145316888076,-0.75,-0.3125,0.1875
1517145316911096,0.1875,0.25,-0.1875
1517145316916151,-0.125,1,0.0625
1517145316933144,0.0625,1.1875,0.125
1517145316954177,0.5,1,0.4375
1517145316984204,0.625,0.75,0.3125
1517145316993154,-0.1875,0.125,0.125
1517145317014169,-1.3125,-0.625,0.125
1517145317039186,-1.875,-0.75,0.0625
1517145317053198,-1.375,-0.6875,-0.1875
1517145317074262,-1.125,-0.75,-0.1875
1517145317096278,-0.75,-0.5,-0.4375
1517145317113236,-0.5,0.1875,-0.1875
1517145317134252,0.25,1,0.0625
1517145317156321,0.4375,1.0625,0.0625
1517145317172334,0.8125,1.0625,0.0625
1517145317194298,0.3125,0.5625,-0.0625
1517145317216364,-0.5625,-0.125,0
1517145317232328,-1.0625,-0.375,-0.0625
1517145317253337,-0.6875,-0.8125,-0.125
1517145317276356,-0.25,-0.375,-0.25
1517145317292363,-0.625,-0.75,-0.125
1517145317316381,-0.25,-0.4375,0.0625
1517145317336395,0.5,0.3125,0.25
1517145317352406,0.75,0.5625,0.0625
1517145317373460,0.4375,0.25,0.25
1517145317397442,0.5625,0.125,0.375
1517145317420458,0.3125,-0.375,0.125
1517145317433465,-0.4375,-0.9375,0.0625
1517145317456534,-0.6875,-1.5,0.0625
1517145317472494,-1.25,-1.625,0.1875
1517145317501544,-0.75,-1.625,-0.0625
1517145317516580,0.125,-1.5625,0.25
1517145317532541,0.9375,-0.75,0.4375
1517145317553550,0.6875,-0.0625,0.5625
1517145317576568,0.5,0.875,0.3125
1517145317592579,0.4375,0.6875,0.125
1517145317613609,0.125,0.25,0.0625
1517145317637608,-1.125,-0.6875,0
1517145317652621,-1.3125,-0.625,0.125
1517145317673652,-0.9375,-0.25,0.1875
1517145317699658,-0.5625,-0.625,0.1875
1517145317712661,0.75,-0.625,0
1517145317733695,1.25,-0.5,0.125
1517145317756711,0.3125,-0.125,0.5
1517145317773704,0.9375,-0.0625,0.6875
1517145317793721,1.5,-0.5,0.6875
1517145317816737,1,-1.75,1
1517145317833764,-0.1875,-3.125,0.875
1517145317853800,-1.0625,-3.9375,0.875
1517145317876780,-0.4375,-3.3125,0.4375
1517145317894793,-0.625,-2.25,-0.125
1517145317922813,-0.875,-0.5625,-0.125
1517145317936824,-0.75,-0.25,0.0625
1517145317953876,-0.4375,0.75,-0.125
1517145317976849,0.375,1.6875,-0.25
1517145317996867,0.625,2.875,-0.6875
1517145318013876,0.125,2.375,-0.375
1517145318033890,-0.375,2.5625,-0.375
1517145318055908,-0.9375,2,-0.75
1517145318073919,-1.5625,1.25,-0.5625
1517145318093938,-0.875,0.8125,-0.375
1517145318116007,0.125,0.5625,-0.5625
1517145318133964,-0.0625,1.0625,-0.6875
1517145318154033,-0.25,2.1875,-0.1875
1517145318175992,0.25,2.375,0.25
1517145318195008,1.5,2.75,-0.0625
1517145318214059,0.8125,2.5625,-0.625
1517145318236090,-0.6875,2,-0.4375
1517145318254049,-1.6875,1.5625,-0.1875
1517145318274117,-1,0.8125,-0.1875
1517145318296132,0.0625,0.625,0.125
1517145318314089,0.125,0.6875,0.125
1517145318335109,-0.6875,0.875,0.1875
1517145318356175,0,1.375,-0.125
1517145318374142,-0.25,2.125,0.0625
1517145318395151,-0.4375,2.25,0.125
1517145318416221,-0.5,1.8125,0.0625
1517145318440199,0.125,1.8125,0.0625
1517145318455193,-0.6875,1.9375,-0.1875
1517145318476207,-1.1875,1.3125,-0.0625
1517145318495256,-0.5,0.5625,-0.1875
1517145318515232,-1.0625,1.125,-0.5
1517145318544252,-1.3125,1.875,-0.5625
1517145318554278,-0.5625,2.8125,-1
1517145318578276,-0.625,3.4375,-0.8125
1517145318596292,0.125,3.3125,-0.3125
1517145318614338,1.125,3,-0.375
1517145318635320,1.125,2.0625,-0.625
1517145318656332,-0.875,1.875,-0.625
1517145318674345,-2,1.3125,-0.75
1517145318704365,-0.4375,0.5625,-0.75
1517145318716374,1.125,0.125,-0.3125
1517145318738390,0.6875,-0.25,-0.0625
1517145318756402,0.1875,0.625,0.125
1517145318783425,-0.125,1.0625,0.0625
1517145318794430,0.375,1.8125,0
1517145318816448,0.5625,1.75,0.0625
1517145318836461,0.0625,1.375,0.0625
1517145318854506,-0.5,1,-0.125
1517145318876487,-1.375,0.625,-0.1875
1517145318896502,-1.4375,0.1875,-0.1875
1517145318914551,-0.9375,0.75,-0.4375
1517145318936530,-0.5625,0.3125,-0.125
1517145318956543,0.4375,1.0625,0.0625
1517145318981564,0.5625,1.6875,0.1875
1517145318996572,0.6875,2.25,-0.0625
1517145319019609,0.8125,2.6875,-0.25
1517145319034636,-0.75,3.4375,-0.6875
1517145319056618,-1.3125,3.125,-0.375
1517145319076630,-0.9375,1.4375,0.4375
1517145319094647,0.5625,0.625,0.125
1517145319116659,-0.125,1.3125,0
1517145319136726,-0.875,1.8125,-0.5625
1517145319154708,-0.375,1.625,-0.625
1517145319176703,-0.1875,2,-0.25
1517145319203723,-0.0625,2.625,-0.1875
1517145319214728,0.375,2.3125,0.125
1517145319236746,1.25,2.125,0.125
1517145319258763,0.625,1.875,-0.1875
1517145319275771,-0.625,1.375,0.125
1517145319296791,0.0625,0.5625,-0.0625
1517145319317800,-0.375,0.125,0.3125
1517145319338849,-0.625,0.0625,0.25
1517145319356829,-0.75,0.4375,0.0625
1517145319377847,-0.4375,1.1875,0.125
1517145319393860,0.1875,1.5,0.1875
1517145319416906,0.3125,1.8125,0.5625
1517145319443889,0.9375,1.5,0.4375
1517145319453908,0.125,1.25,0.25
1517145319476914,-1.25,0.875,-0.1875
1517145319497945,-1.4375,0.625,0.25
1517145319513940,-0.6875,0.0625,0.3125
1517145319536956,-0.5,-0.375,0.5625
1517145319557971,-0.1875,-0.0625,0.125
1517145319573982,-0.25,0.25,0.0625
1517145319597009,-0.5625,0.75,0.0625
1517145319618017,0.25,1.1875,0.6875
1517145319639031,0.625,1.375,0.625
1517145319657058,0.375,1.5625,-0.1875
1517145319678061,-0.25,0.9375,-0.0625
1517145319699088,-1.0625,-0.0625,0.0625
1517145319723089,-1.5,-0.5,0.125
1517145319738098,-1.4375,-1,0.25
1517145319759114,-0.4375,-1.5625,0.6875
1517145319776126,-0.125,-2,1.0625
1517145319798141,-1.375,-2.25,1.4375
1517145319819189,-0.125,1.625,-0.25
1517145319836172,0.4375,2.3125,0.0625
1517145319858184,1,2.0625,0.25
1517145319873194,0.25,0.875,0.5625
1517145319896219,-1.3125,0.6875,-0.125
1517145319918230,-1.6875,0.25,0.1875
1517145319933239,-0.5,0,0.25
1517145319956253,-0.5625,0.0625,0.0625
1517145319978269,-1.3125,0.125,0.0625
1517145319992280,-0.5,0.4375,0.1875
1517145320016331,-0.3125,0.9375,0.4375
1517145320038315,0.125,1.1875,0.75
1517145320059356,0.6875,1.125,0.625
1517145320076372,0.875,1.0625,0.125
1517145320098357,0.0625,0.5625,0.375
1517145320119425,-1.1875,-0.3125,0.5
1517145320143386,-1.4375,-1.1875,0.875
1517145320158397,-1.125,-1.9375,0.8125
1517145320179412,-0.75,-1.9375,0.625
1517145320196427,-1,-0.3125,0.5
1517145320218443,-0.6875,2.125,0.375
1517145320239454,0.9375,3.5625,0.5625
1517145320256467,2,2.0625,0.25
1517145320278484,2.125,1.375,0.0625
1517145320299552,1.5,0,1.25
1517145320315563,-3.1875,-0.8125,1.0625
1517145320338527,-4.25,-1.75,0.5625
1517145320359539,-0.4375,-2.625,-0.125
1517145320375552,2.125,-2.8125,-0.375
1517145320398567,0.625,1.3125,0.1875
1517145320419635,-1.25,2.9375,1.1875
1517145320435598,-0.125,0.8125,0.625
1517145320458611,2.1875,-0.375,-0.3125
1517145320479623,3.0625,-1.0625,-0.375
1517145320501644,1.6875,-0.875,-0.5625
1517145320518654,-3.125,1.0625,-0.5625
1517145320542684,-4.4375,1.1875,-0.8125
1517145320555682,-1.3125,1.125,-1.75
1517145320578711,-1.9375,2.0625,-1
1517145320601714,-2,0.5,-0.625
1517145320615721,-0.625,1.5,-0.5
1517145320645742,-0.3125,1.1875,-0.6875
1517145320662788,0.9375,-0.375,-0.0625
1517145320675766,1,-1,-0.1875
1517145320698817,0.4375,-0.8125,-0.3125
1517145320720797,-0.8125,-1.125,-0.4375
1517145320734807,-2,-1.1875,0
1517145320758824,-2.4375,0.4375,-1
1517145320780837,-2.375,0,0
1517145320794852,-0.375,-0.3125,-0.0625
1517145320818865,0.3125,-0.75,0.5
1517145320840880,1.0625,-1.25,0.875
1517145320854892,1.625,-0.75,1.3125
1517145320877907,1.375,-0.875,1.4375
1517145320900923,0.5,-1.8125,0.875
1517145320921937,-0.8125,-1.5,0.5
1517145320937949,-2.5,-2.3125,0.9375
1517145320960966,-2.6875,-2.4375,0.9375
1517145320975984,-1.6875,-1.25,0.4375
1517145320997991,-0.9375,-2,0.25
1517145321028014,-0.6875,-1.75,0.0625
1517145321035018,-0.1875,-0.75,0.25
1517145321058035,-0.1875,0.0625,0.25
1517145321081051,0.9375,0,0.0625
1517145321102066,1.125,-0.375,-0.375
1517145321118079,0,-0.875,-0.1875
1517145321141093,-1.0625,-1.5625,0
1517145321162108,-1.0625,-1.9375,0.125
1517145321178119,-0.5,-2.4375,-0.0625
1517145321201136,-0.25,-3,0
1517145321222150,-0.75,-2.75,0
1517145321238162,-0.3125,-2.3125,0.125
1517145321261181,0.125,-1.625,0.25
1517145321282193,0.625,-1.1875,0.25
1517145321306211,0.8125,-0.5625,0.1875
1517145321321221,0.25,-0.375,0.25
1517145321342236,-0.5,0.0625,0.0625
1517145321358247,-0.625,-0.25,-0.3125
1517145321380263,-0.375,0.0625,-0.25
1517145321402278,-0.1875,2.125,0.1875
1517145321418289,1.125,3.125,2.625
1517145321440307,1.625,0.5,0.875
1517145321462322,0.625,-1.9375,0.125
1517145321478333,-1.1875,-1.75,0.5625
1517145321501357,-1.5,-1.75,-0.3125
1517145321523364,1.125,-1,-1.0625
1517145321545420,2.1875,0.25,-1.4375
1517145321561393,-1.125,0.25,-0.5625
1517145321583456,-1.625,-0.25,-0.875
1517145321598421,-0.8125,-0.25,-0.5625
1517145321621438,0.0625,-0.0625,-0.375
1517145321643453,1.0625,-0.5625,-0.125
1517145321657463,0.5,-0.25,0.0625
1517145321680476,0,0.1875,0.25
1517145321703495,0.75,0.75,-0.125
1517145321718506,1.9375,1.25,-0.8125
1517145321740518,1,1.3125,-0.25
1517145321763535,-0.375,1.25,-0.1875
1517145321778559,-0.9375,0.75,-0.1875
1517145321800563,-0.9375,0.5,-0.0625
1517145321824579,-0.1875,0.4375,-0.5
1517145321837589,0.25,0.625,-0.25
1517145321861622,0.375,1.6875,-0.5625
1517145321883622,0.875,2.375,-0.375
1517145321898669,1.8125,4.75,0.8125
1517145321920650,0.625,4.25,2.375
1517145321943666,1.1875,1.9375,2.625
1517145321957676,0.375,-1.375,1.375
1517145321980692,-0.5,-3.25,-0.125
1517145322003707,-4.75,-3.5625,-1.5
1517145322023773,-4.3125,-5.375,-1.8125
1517145322041746,-5.9375,-7.375,-1.75
1517145322063782,-3.8125,-13.625,-1.375
1517145322084764,-9,-18.4375,-0.5
1517145322100774,-19.0625,-17.3125,-0.75
1517145322123825,-36.125,-25.3125,0
1517145322143858,-78.8125,-28.8125,18.875
1517145322160817,-84,22.375,53.125
1517145322183834,0.0625,50.75,127.5
1517145322204851,116.5,33.5625,119.813
1517145322220859,34.5,-44.75,133.625
1517145322242893,100.688,-84.1875,101.875
1517145322264892,255.125,-99.75,76.75
1517145322280901,328.125,-94.625,75.0625
1517145322310923,280.875,-60.5,78.0625
1517145322326949,188.125,-9.8125,79.8125
1517145322339943,144.875,23.75,41
1517145322362973,130.688,35.6875,-13.75
1517145322383993,53.5,30.875,-67.6875
1517145322399987,-123.125,75.1875,-74.125
1517145322424021,-210.125,149.813,-60.875
1517145322444016,-174.125,287.375,-12.1875
1517145322460028,-76.125,300.688,-6.6875
1517145322483044,-42.875,179.438,22
1517145322506080,-144.375,26.3125,66.875
1517145322520071,126.25,-109.625,-7.1875
1517145322543087,261.25,-176.625,86
1517145322566123,228.125,-182.063,87.25
1517145322588119,204,-128.063,38.875
1517145322603148,201.875,-59.5,-5.25
1517145322627151,220.188,-35.9375,30.0625
1517145322640169,185.813,-25.1875,37.5625
1517145322669232,183.438,-14.0625,-46.6875
1517145322693195,-121.063,-44.75,5.125
1517145322707260,-313.125,20.0625,-6.4375
1517145322723216,-305.5,123.75,-15.5625
1517145322746233,-178.5,191.188,-40.375
1517145322774306,-49.625,89.1875,-17.9375
1517145322783261,10.8125,-24,9.375
1517145322807294,-45.75,-104.063,79.1875
1517145322827345,-0.0625,-91.375,99.8125
1517145322843303,143.313,-85.25,41.625
1517145322866354,204.75,-40.625,-14.0625
1517145322887387,188.438,18.5625,-51.5625
1517145322903347,138.625,20.3125,-23.8125
1517145322926362,90.25,48.6875,-1.25
1517145322947376,-7.1875,48.75,-41.75
1517145322963386,-280.563,46.625,-41
1517145322986406,-374.938,78.625,-40.6875
1517145323007420,-290.938,99.875,-18.0625
1517145323023429,-101,39.4375,20.5625
1517145323046448,-8.75,-50.25,21.875
1517145323067464,38.125,-119.938,73.5625
1517145323083475,-16.4375,-115.25,78.5
1517145323105541,71.125,-104,-7
1517145323126552,110.5,-70.5,-56.1875
1517145323143514,103.063,-107.875,-49.5
1517145323165533,108.125,-112.313,-33.3125
1517145323186598,58.125,-94.125,-27.5625
1517145323203560,-19.0625,-65.0625,-25.1875
1517145323225577,-178.438,-50.75,2.3125
1517145323248590,-178.563,1.1875,-12.875
1517145323263617,-143.063,49.1875,1.125
1517145323285618,-41.3125,0.6875,13.9375
1517145323306683,-54.25,-33.375,0.125
1517145323322658,29.8125,-36.5,4.5625
1517145323345660,42.9375,-39.625,-5.9375
1517145323368673,57.4375,-19.375,-26.3125
1517145323382683,72.6875,-20.625,-42.9375
1517145323405702,38.375,22.0625,-10
1517145323428751,-13.25,77.5,10.5
1517145323442727,-79.0625,92.3125,-10.4375
1517145323466746,-97,85.4375,-14.125
1517145323488759,-68.875,58.125,-13.625
1517145323502770,-59.5625,25.1875,5.4375
1517145323525784,9.625,12.4375,10.0625
1517145323548802,28.625,3.5,12.3125
1517145323562830,11.25,10.75,4.4375
1517145323585827,30.4375,39.5,-25.4375
1517145323608843,15.6875,30.0625,-21.875
1517145323622854,-51.625,54.25,-0.375
1517145323645873,-94.9375,74.1875,4.875
1517145323668890,-89.5625,81.4375,-2.25
1517145323689905,-49.8125,57.125,-10.5625
1517145323711972,-28.4375,8.75,-9.8125
1517145323734941,-58.3125,-72.75,17.6875
1517145323749947,-2.75,-96.0625,48.8125
1517145323765959,47.0625,-113.125,36.5
1517145323787971,53.5,-90.25,21.0625
1517145323817009,75.4375,-56.875,-20.25
1517145323825999,87.8125,-60.9375,-31.4375
1517145323848039,32.3125,-76.3125,-20.8125
1517145323869082,-7.6875,-39.75,-0.0625
1517145323886043,-13.8125,-9.125,19.875
1517145323908059,-36.125,12.0625,35.625
1517145323929126,-37.0625,38.625,25.5625
1517145323946116,-11.1875,30.5,29.3125
1517145323976107,8.6875,-8.6875,22.4375
1517145323989167,16.6875,-30.875,4.3125
1517145324012130,23.4375,-51.8125,9.25
1517145324028142,44.8125,-35.75,-3.0625
1517145324049211,66.8125,-9,-30.6875
1517145324066172,87.5,-0.0625,-42.1875
1517145324088187,36.9375,31.4375,-29.125
1517145324109253,-29,78.625,-8.9375
1517145324126211,-54.125,103.75,1.8125
1517145324148228,-36.125,108.313,2
1517145324169297,-46.875,134.125,-14.25
1517145324186307,-33.25,138.75,-18.0625
1517145324208270,-23.25,118.063,-24.5
1517145324232289,-10.0625,62.375,-24.6875
1517145324253319,-6.3125,32.0625,-5.3125
1517145324268315,30.875,14.5625,20.3125
1517145324291327,74.5,11.3125,21.875
1517145324305341,100.5,2.1875,17.3125
1517145324328359,68.5625,7.5,18.25
1517145324349422,71.3125,24.625,13.25
1517145324365383,49.1875,1.25,32.4375
1517145324389453,55.5625,-48.25,36.1875
1517145324411416,73,-95.5,45.1875
1517145324425424,77.9375,-140.375,67.75
1517145324448441,79.75,-170.75,70.5625
1517145324470510,104.875,-136.375,56.1875
1517145324485469,98.3125,-60.75,26.8125
1517145324508482,36.5,20.875,5.8125
1517145324530513,-12.3125,61.5,7.375
1517145324545526,-17.0625,55.875,-1.5
1517145324568527,-39.5625,14.625,13
1517145324590543,-67.1875,-9.625,27.3125
1517145324611612,-59.9375,-45.8125,60.8125
1517145324635575,-46.0625,-117.25,75.8125
1517145324650586,-4.75,-137.188,66.25
1517145324671597,11.5625,-109.5,14.9375
1517145324688611,10.6875,-58.375,-15.5625
1517145324710628,-20.375,-19.625,-32.4375
1517145324739700,-42.125,13.1875,-31.25
1517145324748707,-47.4375,45.625,-39.875
1517145324770670,-55.0625,42.375,-35.9375
1517145324791700,-56.9375,12.75,-25.375
1517145324808698,-101.5,-31,-15.4375
1517145324830711,-117.125,-47.25,-17.1875
1517145324859735,-93.875,-56.25,-26.5
1517145324868739,-40.875,-39.3125,-34.4375
1517145324890755,13.1875,11.375,-44
1517145324911821,5.25,27.8125,-70.8125
1517145324928834,-41.6875,22.25,-55.5625
1517145324950799,-54.9375,67.9375,-42.5
1517145324971864,-69.6875,59.5,-28.8125
1517145324987823,-60.75,26.3125,-6.9375
1517145325018865,-44,-19.75,14.6875
1517145325031869,-69.4375,-74.0625,26.8125
1517145325048865,-27.3125,-56.0625,38
1517145325070883,18.3125,-27.375,18.4375
1517145325091895,9.5625,8.625,-8.25
1517145325107916,4.9375,17.0625,-29.4375
1517145325130926,-4.125,9.3125,-31.375
1517145325151994,-5,63.0625,-3.5
1517145325167953,-3.125,88.1875,-5
1517145325190969,-7.5,60.8125,-7.75
1517145325212034,-9.8125,2.6875,6.375
1517145325228026,-11.125,-61.625,25
1517145325251011,41.5625,-86.875,27.875
1517145325273024,77.375,-96.5,4.625
1517145325288037,87.1875,-73.0625,-10.3125
1517145325311064,64.125,-58.1875,-36.625
1517145325333085,35.0625,-13.3125,-27.375
1517145325348112,9.0625,32.6875,-18.3125
1517145325371097,6,44.75,-33.5
1517145325393112,21.375,34.875,-33.4375
1517145325408119,12.6875,-8.4375,-9.9375
1517145325415138,3.8125,-28.875,8.375
1517145325436194,61.6875,-25.75,16.625
1517145325459159,47.375,-16.75,4.0625
1517145325475169,31.6875,7.625,-1.125
1517145325496185,8.4375,42.625,-8.25
1517145325519202,-14,91.8125,-0.875
1517145325535210,-29.1875,107.75,-10.4375
1517145325556279,-16.375,87,-17.6875
1517145325579249,-44.9375,0.8125,16.8125
1517145325595258,-10.625,-40.0625,59.3125
1517145325616327,31.9375,-51.5,54.25
1517145325640290,34.875,-33.6875,43
1517145325655301,20.125,14.3125,25.125
1517145325676372,4.5625,69.875,8.5625
1517145325699331,-17.1875,93.875,-18.9375
1517145325715342,-11.0625,70.3125,-41.625
1517145325743359,-23.375,17.5,-21.75
1517145325758370,-38.4375,4.5,-2.25
1517145325775382,-38.8125,15.375,-17.8125
1517145325796455,-39.9375,11.875,-25.9375
1517145325818469,-80.4375,23.1875,-26
1517145325835428,-136.938,72.8125,-44.375
1517145325856496,-181.688,120.563,-74.8125
1517145325878514,-192.875,132.125,-84.3125
1517145325895467,-182.313,128.313,-82.875
1517145325917488,-187.75,114.688,-64.375
1517145325938518,-198.25,92.0625,-27.5
1517145325955545,-154.438,32.8125,18
1517145325976539,-67.0625,-47.8125,58
1517145325998592,32.75,-103.813,77.375
1517145326015555,72.375,-112.25,54.75
1517145326036624,82.3125,-53.1875,-1.8125
1517145326058583,58.5625,-13.3125,-42.4375
1517145326076595,48.5,-8.25,-16.75
1517145326096668,91.5625,-7.1875,-7.75
1517145326118682,122.125,-9.4375,20
1517145326141644,101.188,-36.5,36.75
1517145326156708,89.4375,-79.5,54.4375
1517145326178687,101.313,-107.563,49
1517145326195682,151.063,-112.25,20.375
1517145326216719,178.75,-83.125,-10.375
1517145326246743,150.063,-40.5,-30.9375
1517145326256742,115.375,-0.875,-35.75
1517145326276740,101.375,30.0625,-31.875
1517145326301774,31.6875,30.3125,-36.5
1517145326316767,-77.125,42.4375,-28.1875
1517145326336784,-118.813,60.625,-10.625
1517145326358795,-100.313,64.8125,-4.1875
1517145326380810,-58.9375,47.4375,-7.75
1517145326396827,-35.5625,20.5625,11.875
1517145326418897,-21.125,-51,47.8125
1517145326436870,-45.4375,-101,69.5625
1517145326455921,5.25,-85.6875,38.5
1517145326478938,65.375,-34.125,-7.125
1517145326496894,79.1875,-30.0625,-6.375
1517145326515911,62.375,-54.75,25.0625
1517145326538923,101.438,-63.3125,38.1875
1517145326556975,125.563,-59.0625,34.625
1517145326575948,95.4375,-26.25,16.25
1517145326598966,48.5,-4.25,-5.875
1517145326617017,6.5,14.1875,-16.125
1517145326636048,-30.75,27.6875,-26.375
1517145326662025,-74.0625,29.1875,-25.75
1517145326681121,-97.75,37.375,-11
1517145326696130,-80.625,24.8125,17.3125
1517145326719147,-40,-19.0625,27.9375
1517145326737103,24.875,-52.625,28.8125
1517145326756172,62.8125,-45.4375,20.9375
1517145326779190,44.75,-15,8.0625
1517145326797145,26.3125,22.5,-10.875
1517145326818159,14,39.8125,-18.1875
1517145326839173,-8.875,49.875,-20.9375
1517145326857187,-49.0625,52.5,-29.4375
1517145326878205,-78.6875,39.6875,-20.8125
1517145326899217,-106.625,41.1875,-14.0625
1517145326916268,-111.563,46.9375,-16.25
1517145326938245,-127.875,55.125,-21.375
1517145326960260,-135.5,82.875,-26.375
1517145326976271,-113,87.875,-14.625
1517145326997338,-105.688,44.5,14.25
1517145327026325,-80.3125,-30.4375,41.4375
1517145327036313,-24.625,-73.375,50.75
1517145327057383,42.3125,-66,33.375
1517145327078398,70.3125,-43.5,12.875
1517145327096356,71,-23.75,2.9375
1517145327117371,87.375,-17.125,-2.8125
1517145327138439,103.375,-32.375,0
1517145327156413,72.375,-5.5625,-2
1517145327179449,27.5625,42.75,-16.875
1517145327198483,5.0625,58.8125,-27
1517145327216459,-19.0625,61.5,-22.3125
1517145327239476,-3.4375,32.3125,-10.75
1517145327258473,-1.1875,-21.5625,1.625
1517145327276485,34.3125,-54.9375,3.75
1517145327306505,64.1875,-59.75,-10.5625
1517145327318569,55.75,-27.0625,-19.25
1517145327336526,71.8125,13.5625,-38.6875
1517145327359598,87.3125,47.625,-52.6875
1517145327378609,46.4375,50.25,-41.9375
1517145327396569,-27.125,63.875,-33
1517145327423641,-79.875,59,-27.25
1517145327438602,-115.438,38.5,-18.4375
1517145327456611,-115.688,54.25,-7.25
1517145327479636,-81.25,62.6875,15
1517145327498694,-47.375,14.9375,31.6875
1517145327521711,-30.3125,-65.4375,48
1517145327538687,6.0625,-96.8125,58.8125
1517145327558701,63.4375,-81.125,30.25
1517145327582701,86.125,-47.0625,11.6875
1517145327598750,106.875,-22.125,0.0625
1517145327620728,129.125,-14.375,7
1517145327641743,99.9375,9.375,-1.6875
1517145327658758,-13.625,54.0625,-17.4375
1517145327678825,-93.875,62.8125,-20.875
1517145327703840,-106.75,79.5,-39.25
1517145327718808,-97.9375,90,-42.8125
1517145327738871,-64.625,80.8125,-39.0625
1517145327760882,-21.3125,10.875,-16.875
1517145327778841,-29.6875,-57.1875,11.9375
1517145327799855,9.75,-78.5625,16.8125
1517145327820925,57,-59.8125,-7.25
1517145327838883,104.563,-34.8125,-24
1517145327859897,146.813,-21.1875,-36
1517145327880913,112.625,-41.4375,-2
1517145327898927,59.9375,2.3125,-1.625
1517145327919943,-54.25,43.3125,21.9375
1517145327942961,-94.5625,58.625,20.8125
1517145327958968,-88.9375,75.5,15.4375
1517145327979996,-76.4375,79.875,15.8125
1517145328001033,-38.5625,31.0625,14.375
1517145328019010,-30.4375,-47.8125,26.1875
1517145328040027,30.6875,-83.75,39.9375
1517145328061093,53.75,-67.3125,21
1517145328079055,63.8125,-21.75,-3.125
1517145328100068,72.1875,4.0625,-31.5
1517145328121136,21.25,11.375,-20.6875
1517145328139096,-54.125,35.5,-23.25
1517145328161146,-124.563,43.75,-26.75
1517145328182179,-147.875,63.3125,-30.6875
1517145328198139,-118.875,75.6875,-26.3125
1517145328221162,-80.875,55.1875,-12.9375
1517145328243182,-35.125,10.75,2.6875
1517145328258181,-19.1875,-32.875,18.0625
1517145328281231,27,-59.375,26.0625
1517145328302212,34.6875,-49.25,18.6875
1517145328318223,50.375,-19.9375,5
1517145328341239,67.625,-0.875,-7.4375
1517145328362309,54.5625,30.4375,2.75
1517145328378265,2.1875,63.8125,3.3125
1517145328401305,-27.5625,68.75,-7.25
1517145328422350,-27.125,40.5625,-9.625
1517145328438308,-20.3125,-32,14.1875
1517145328461325,30.5,-89.5,25.625
1517145328482385,74.1875,-104.688,10.25
1517145328498351,75.375,-67.6875,-14.5
1517145328521369,73.0625,-33.625,-33.125
1517145328541385,78.5,-32.9375,-40.6875
1517145328559436,32.3125,-50.8125,-18.1875
1517145328580464,-4.875,-19.25,-16.5625
1517145328602424,-26,22.0625,-14.0625
1517145328625457,-34.625,61.4375,-13
1517145328640504,-36.875,96,-12.5
1517145328661521,-33.5625,82.375,-11.4375
1517145328678480,-16.4375,29.1875,-1.25
1517145328700548,-27.125,-21.125,6.25
1517145328721563,5.1875,-52.4375,17.1875
1517145328745528,41.0625,-57.5625,4.0625
1517145328760536,57.125,-39.3125,-1.8125
1517145328781605,69.25,-17.5,-26.8125
1517145328798580,69.0625,-21.125,-24.5
1517145328820582,19.1875,-10.625,-4.4375
1517145328841598,-37.25,32.125,-5.1875
1517145328858609,-71.5625,62.5625,2.8125
1517145328880622,-62.1875,92.25,0.0625
1517145328901690,-44.25,88.0625,-4.8125
1517145328918661,-26.625,48.0625,-7.75
1517145328940665,-24.4375,-19.75,-0.6875
1517145328969739,3.1875,-64,18.8125
1517145328984749,43.0625,-78.125,17.125
1517145329006765,55.875,-61.375,4.25
1517145329021776,65.375,-37.8125,-17.0625
1517145329037733,73.5,-24.5,-27.5
1517145329060750,49.875,-25.75,-19.3125
1517145329090784,-8.8125,-4.3125,-15.5625
1517145329097778,-56.75,23.875,-9.3125
1517145329120792,-75.1875,50.5625,5.8125
1517145329142809,-66.375,80.5625,10.5625
1517145329157818,-48.625,69.9375,10.8125
1517145329180838,-20.4375,22.5,16
1517145329203851,-17.0625,-48,22.8125
1517145329217862,17.625,-77.3125,38.625
1517145329240886,48.375,-84.125,20.8125
1517145329263895,56.75,-52,-3.5625
1517145329277912,74.375,-15.75,-35.625
1517145329300921,91,-11.9375,-36.8125
1517145329329942,45.0625,-29.5625,-34.9375
1517145329344952,-35.625,0.4375,-52.0625
1517145329360963,-86.125,29.625,-48.25
1517145329382978,-91.5,52.9375,-35.4375
1517145329405000,-85.5625,61.375,-20.9375
1517145329421005,-74.875,45.9375,5.875
1517145329443034,-51.75,23.6875,19.4375
1517145329464089,-18,-27.8125,26.625
1517145329481048,-36.5625,-74.625,33.25
1517145329503063,11.8125,-65.75,16.5
1517145329524132,35.75,-42.875,-4.875
1517145329541091,41.125,-19.3125,-15.5625
1517145329564111,66.75,-15.375,-20.25
1517145329584175,69.1875,-30.4375,-15.25
1517145329601145,2.9375,19.375,-18.25
1517145329631155,-67.5625,49,-13.625
1517145329644217,-73.9375,57.375,-4
1517145329661211,-49.25,49.9375,12.125
1517145329683191,-21.625,27.3125,25.25
1517145329704266,10.5,-8.25,16.9375
1517145329721255,2.6875,-55,15
1517145329743233,17.9375,-67.625,10.4375
1517145329764302,36.125,-54.3125,-0.6875
1517145329781297,59.125,-26.75,-12.875
1517145329803276,70.875,-16.4375,-19.25
1517145329824345,88.875,-8.3125,-17.75
1517145329841302,48.3125,0.0625,-15.25
1517145329863319,-26.6875,28.125,-16
1517145329884387,-70.8125,34.4375,-2.6875
1517145329908354,-80.75,40.6875,17.25
1517145329923365,-69.875,47.6875,32.75
1517145329944430,-49.4375,43.8125,33.875
1517145329960388,-23.3125,-5.4375,25.125
1517145329983407,-34.0625,-39.5625,18.8125
1517145330004419,12.375,-44.5625,9.5
1517145330027435,26.25,-29.75,-3.9375
1517145330043447,31.8125,-7.1875,-17.6875
1517145330065481,30.6875,-0.5625,-14.8125
1517145330080477,24.25,33,-1
1517145330103490,-20.375,62.1875,-6.4375
1517145330133511,-53.4375,67.4375,-7.1875
1517145330140551,-52.75,59.3125,-3.5
1517145330163549,-37.5,42.5625,3.375
1517145330186549,-8.5,18.3125,-2.4375
1517145330200558,-4.125,-17.4375,0.5625
1517145330223577,-0.0625,-53.75,8.25
1517145330245593,10.8125,-60.3125,8.4375
1517145330266660,27.4375,-38.5625,-5.125
1517145330283618,37.0625,-20.25,-15.9375
1517145330305633,31.9375,-8.5,-13
1517145330326667,25.25,-11.125,-9.375
1517145330343674,5.25,2.5,0.6875
1517145330371714,-23.625,35.375,1.5
1517145330386744,-53.5,55.9375,4.125
1517145330403737,-60.1875,66.1875,7.5625
1517145330425718,-39.9375,62.8125,11.5625
1517145330446750,-18.9375,39.375,16.3125
1517145330463781,-11.0625,-3.6875,17.5
1517145330485777,-8.75,-44.75,25.0625
1517145330506830,15.5625,-63.8125,28.25
1517145330523842,41.25,-57.9375,16.125
1517145330545802,56.5,-41.3125,0.125
1517145330566876,60.3125,-32.25,-14.625
1517145330583831,54.75,-32.9375,-18.125
1517145330605846,29,-24.5,-9.3125
1517145330626861,-13.4375,-2.4375,-1.9375
1517145330648880,-41,16.75,-8.375
1517145330665892,-70.625,39.8125,-7.5
1517145330686958,-66.1875,67.125,0
1517145330703917,-43.9375,62.4375,10.375
1517145330726931,-15,39.75,20.25
1517145330749948,-6,-22.75,35.9375
1517145330763013,-8.375,-71.8125,57.3125
1517145330785974,27,-76.8125,57.125
1517145330807044,40.8125,-62.125,29.875
1517145330823000,40.5,-28.375,11.625
1517145330846018,53.375,1,-10.875
1517145330868031,32.3125,-4.6875,-14.6875
1517145330889102,-37.3125,-7.25,-18.5
1517145330913063,-87,31.9375,-28.375
1517145330927129,-113.688,61.25,-35.9375
1517145330943126,-127.75,93.0625,-32.125
1517145330966101,-126.5,112.75,-27.75
1517145330989118,-113.938,106.063,-25.6875
1517145331003182,-78.125,48.375,-15.875
1517145331026179,-72,-30.1875,14
1517145331048165,-21.375,-74.625,38.375
1517145331063169,14.0625,-83.4375,25.4375
1517145331086204,40,-49.6875,7.6875
1517145331108203,55.5,-18.9375,-19.6875
1517145331122266,63,-18.5625,-38.4375
1517145331146264,51.0625,-38.125,-19.75
1517145331168262,19.5625,-6.5,-0.5
1517145331191260,-20.625,22.375,-4.75
1517145331206271,-54.6875,28.0625,5.75
1517145331228287,-52,35.5,7.3125
1517145331249356,-24,15.3125,6.375
1517145331266314,3.4375,-48.5,3.875
1517145331288330,-7.6875,-104,-0.625
1517145331309345,39.8125,-101.688,-3.75
1517145331325356,50.6875,-61.9375,-27.125
1517145331348376,57.8125,-26.5,-40.5
1517145331369442,55.6875,-22.625,-52.8125
1517145331385455,44.8125,-30.8125,-41.6875
1517145331414473,-6.75,-11.625,-21.5625
1517145331429484,-27.0625,32.875,-17.4375
1517145331445496,-36.5625,50,-3.375
1517145331468458,-39.875,58.6875,10.1875
1517145331489490,-32.8125,49.9375,13.5
1517145331505483,-16.0625,11.125,9.5
1517145331528518,-30.1875,-42.875,7.875
1517145331549570,4.875,-41.9375,11.0625
1517145331571586,31.4375,-19.25,-0.375
1517145331588543,29.75,5.8125,-12.1875
1517145331609611,26.9375,8.6875,-23.9375
1517145331625569,16.5625,5.25,-17.25
1517145331648585,-8.25,-3.3125,-1.0625
1517145331669607,-32.0625,29.5,12
1517145331685650,-33.875,62.4375,6.4375
1517145331708628,-35.875,64.625,8.0625
1517145331729699,-27.4375,41.375,7.4375
1517145331745655,-20.125,3.5625,9.125
1517145331768705,-18.75,-38.6875,3.625
1517145331789739,-2.75,-50.625,0.875
1517145331805698,28.1875,-44.1875,-4.8125
1517145331828766,41.6875,-32.875,-13.25
1517145331849728,47.5,-35.1875,-21.1875
1517145331865741,48.4375,-34.5,-16
1517145331888757,10.8125,-11.25,-5.4375
1517145331909772,-21.3125,14.8125,8.5625
1517145331924784,-32.3125,30.3125,15
1517145331948799,-25.875,45.75,18.6875
1517145331970814,-11.5625,41.625,18.8125
1517145331984846,3.5625,17.25,14.625
1517145332007899,-13.75,-43.375,14.6875
1517145332031893,4.875,-59.125,31.375
1517145332044866,35.75,-48.6875,15.125
1517145332067919,28,-2.8125,-11.1875
1517145332090900,50.5,39.8125,-41.625
1517145332104909,41.75,12.8125,-29.4375
1517145332127982,4.5,39.25,-21.4375
1517145332150942,-18.125,86.0625,-29.1875
1517145332172012,-37.25,91.25,-23.5625
1517145332188012,-39.875,91,-16.9375
1517145332210987,-30.8125,64.0625,-13.8125
1517145332232054,-4.875,17.0625,-4
1517145332248012,3.75,-41.8125,4.9375
1517145332272029,26.375,-67.625,16.3125
1517145332299104,47.3125,-63.5625,8.375
1517145332308054,67.4375,-41.625,-6
1517145332331069,78.9375,-31.5,-20.5
1517145332352140,82.0625,-22,-20.3125
1517145332368096,67.4375,-11.6875,-16.4375
1517145332391130,35,1.1875,-5.9375
1517145332412182,-7.1875,36.5,-4.9375
1517145332428158,-66.0625,55.25,29
1517145332451155,-73.1875,65.5625,49.3125
1517145332472225,-77.8125,55.75,49.75
1517145332488183,-55.375,30.5,53.8125
1517145332511233,-26.6875,-20,47.75
1517145332532215,-9.5625,-55.9375,45.0625
1517145332548224,44.625,-55.6875,43.3125
1517145332578249,47.375,-43.8125,25.25
1517145332592256,53.6875,-23.5625,5.9375
1517145332614308,72.125,-26.3125,-15
1517145332631282,49.8125,4.0625,0.9375
1517145332652317,3.0625,52.125,5.375
1517145332668327,-36.4375,54.9375,-7.9375
1517145332690327,-54.9375,44.625,-25.25
1517145332712358,-49.1875,40.4375,-20.875
1517145332728356,-31.8125,20.6875,-24.25
1517145332751367,-6.5625,-10.875,-26.5
1517145332772382,11.9375,-47.375,-22.875
1517145332787393,23.3125,-54.6875,-19.3125
1517145332811412,39.375,-44.0625,-41.4375
1517145332832427,56.375,-22.5,-63.5625
1517145332854496,77.75,-6.5,-68.5625
1517145332870456,78.8125,-16.9375,-60.6875
1517145332893468,49.5625,-35.375,-77
1517145332908479,-16.625,-24,-72.375
1517145332930494,-71.375,-7.9375,-52.5625
1517145332953528,-81.5625,7.125,-34.0625
1517145332967520,-77.5,38.9375,-19.5
1517145332990536,-56.375,55.5625,15.4375
1517145333013555,-32.4375,24.5625,39.5625
1517145333027562,-56,-1.5625,46.875
1517145333050596,-66.1875,-1.5625,45.25
1517145333073596,-11.5,15,37.4375
1517145333087608,21.25,23.125,32.75
1517145333110622,22.125,15.9375,31.75
1517145333133656,-6.5625,-3.875,36.5625
1517145333154707,15.9375,-19.0625,34.4375
1517145333170666,40.375,-17.3125,11
1517145333193716,54.625,6.125,-14.875
1517145333214749,67,23.125,-30.5
1517145333236766,29.125,26.5625,-45.0625
1517145333253761,-28.25,27.5625,-54.125
1517145333274756,-61.625,16.6875,-54.1875
1517145333290750,-53.0625,-9.5625,-31.0625
1517145333313766,-59.6875,-59.375,-22.25
1517145333334780,59.125,-72.5625,-25.3125
1517145333350793,91.75,-41.5,-42.8125
1517145333373837,85.9375,-12.375,-29.125
1517145333394864,46.375,2.125,-4.6875
1517145333410835,-39.375,-5.3125,18.3125
1517145333432851,-69.125,-17.75,38.5
1517145333454871,-36.375,-23.8125,33.75
1517145333470878,31.875,-13.5625,10
1517145333492947,57.375,-6.75,-11.25
1517145333514911,38.4375,-8.875,-9.5625
1517145333530936,8.625,-17.4375,-2.9375
1517145333552987,0.6875,-15.375,-5.3125
1517145333574006,-5.0625,-8.0625,-5.5
1517145333590963,-8.1875,-4.875,4.8125
1517145333619037,-9.25,-6.1875,11.0625
1517145333633993,-13.25,10.4375,11
1517145333657066,-20.5,16.1875,11.1875
1517145333673021,-38.75,-11.9375,18
1517145333696054,-14.8125,-37.875,12.25
1517145333717107,36,-48.25,6
1517145333734081,67.3125,-47.625,0.625
1517145333756114,70.5,-32.6875,1.0625
1517145333771090,32.75,-11.3125,-1.8125
1517145333793108,-17.5,-6,1.875
1517145333816135,-24.8125,-2.6875,-3.4375
1517145333830133,-3.375,4.3125,-13.75
1517145333853150,4.8125,5.75,-18.125
1517145333876165,-5.625,0.625,-14.875
1517145333897233,-13.8125,-1.875,-12.75
1517145333899197,-11.125,-2.4375,-11.25
1517145333919197,-2.6875,-9.125,-3.0625
1517145333941245,-0.1875,-9.5625,-1.8125
1517145333964228,-0.9375,-5.625,0.3125
1517145333978254,-7.1875,-3.5,4.25
1517145334001255,-10.125,-5.8125,8.375
1517145334019266,-12.3125,-7.125,7.1875
1517145334039281,-9.125,-5.625,1.0625
1517145334068303,-9.375,-4.6875,-3.9375
1517145334083314,-7.875,-6.4375,-7.9375
1517145334098379,-10.875,-9.6875,-8.125
1517145334121394,-12.6875,-3.3125,-5.4375
1517145334139386,-3.625,7.75,-3.625
1517145334158368,-1.125,7.125,1.75
1517145334188386,-3.25,0.25,0.9375
1517145334199430,-6.375,1.125,-0.625
1517145334218461,-2.25,3.0625,0.375
1517145334242426,2.5,4.9375,-1.3125
1517145334256437,-1.6875,3.1875,0.1875
1517145334278504,-1.5,0.625,-0.0625
1517145334301465,3.9375,1.75,-0.25
1517145334317478,6.125,-0.125,-0.0625
1517145334346534,1.9375,-1.125,1.6875
1517145334361510,3.1875,-0.9375,2.75
1517145334377520,8.125,-1.4375,1.625
1517145334398586,7.125,-0.5625,-0.1875
1517145334421606,2.125,-0.5,-0.1875
1517145334437580,3.75,-0.625,0.0625
1517145334466600,6.0625,-1,0.4375
1517145334481648,3.375,-0.25,0.875
1517145334497606,0.6875,0.5,0.5625
1517145334518674,-0.5625,0.5,0.375
1517145334541637,-0.125,1.125,-0.4375
1517145334557648,-0.5,1.8125,-1.4375
1517145334578666,-0.9375,2.1875,-0.125
1517145334602683,0.125,1.0625,0.3125
1517145334617694,2.6875,1.0625,-0.1875
1517145334638709,0.875,0.25,0.375
1517145334662723,-0.875,-1.1875,0.375
1517145334677735,1,-0.375,0.0625
1517145334705755,1.375,0.125,0.3125
1517145334721766,0.5625,-0.375,0.75
1517145334737776,-0.1875,-2.25,1.5
1517145334765850,0.0625,-2,1.75
1517145334780860,0.625,-0.0625,0.4375
1517145334798819,1.3125,1.0625,-0.125
1517145334818837,1.3125,1.3125,-0.4375
1517145334840865,0.3125,1.875,0.6875
1517145334858862,-0.875,1.625,-0.1875
1517145334878910,-0.5,2.4375,-0.3125
1517145334900892,0.5,1.75,0.375
1517145334918904,-1.0625,-0.4375,0.625
1517145334938974,-2.375,-1.1875,1.1875
1517145334960990,-1.0625,-1.125,0.5
1517145334978947,2.25,-0.5,-0.1875
1517145334999016,1.375,-0.625,0
1517145335023013,2,-1,-0.4375
1517145335038989,1.375,-0.9375,-0.3125
1517145335059062,-1.5625,-0.8125,0.75
1517145335081072,-0.25,-0.75,0.75
1517145335099032,1.625,-0.25,1.1875
1517145335126053,2.0625,-0.625,0.5625
1517145335141116,1,-1,0.5
1517145335159075,0.3125,0.5625,0.3125
1517145335180090,-0.75,1.0625,-0.5
1517145335201158,-0.3125,0.125,-0.875
1517145335219117,0.5,0,-0.375
1517145335239187,1,0,0.0625
1517145335261200,-1,0.375,0.3125
1517145335279159,0.3125,0.75,0.125
1517145335299187,1.1875,0.875,0.0625
1517145335321189,1.125,-0.25,0.0625
1517145335339203,-1.125,0.6875,0.125
1517145335366276,-2.375,0.4375,0.5
1517145335381286,-0.6875,0.5625,0.0625
1517145335399245,0.5,0.25,0.0625
1517145335420260,0.4375,-0.3125,-0.25
1517145335441275,-0.75,0.125,0
1517145335459322,-0.3125,0.0625,0.0625
1517145335480305,0.125,0.0625,0.375
1517145335501371,-0.5625,0.0625,0.5625
1517145335519366,0.625,0.5625,0.375
1517145335540347,-0.3125,0.5625,0.75
1517145335561415,-0.875,0.875,0.9375
1517145335579407,-0.875,0,0.5
1517145335600405,-0.5,-0.3125,0.1875
1517145335621456,-0.3125,-0.875,0.0625
1517145335646423,-0.8125,-1.3125,0.3125
1517145335660464,-1.4375,-0.25,0
1517145335681498,-1.3125,0.625,-0.375
1517145335699513,0.5,1.1875,0
1517145335720491,1.8125,1.375,0.3125
1517145335741487,-0.375,1.6875,0.1875
1517145335759518,-2.25,1.125,0.4375
1517145335781516,-1.6875,3.5,1.875
1517145335801584,-4.1875,3.6875,4.875
1517145335819596,-2.375,0.0625,3.875
1517145335841559,0.375,-2.4375,2
1517145335861572,0.5,-4.25,1.5625
1517145335886609,-0.25,-5.0625,1.3125
1517145335908606,0.375,-3.25,0.875
1517145335921616,1.0625,-1.125,0.0625
1517145335939634,-0.25,-2.875,1.375
1517145335961645,0.25,-4,0.5625
1517145335980661,-7.3125,-0.25,-2.5
1517145335999672,-10.9375,6,-5.5625
1517145336021689,-19.5625,7.875,-8.5625
1517145336040754,-23.375,10.125,-5.8125
1517145336058718,-15.0625,15.0625,-9.4375
1517145336081730,-3.0625,23.6875,-6.5
1517145336101746,-3.3125,21.0625,8.6875
1517145336118764,18.4375,17.6875,19.1875
1517145336141772,36.5,14.875,36
1517145336161789,39.25,15.75,60.25
1517145336186839,12.25,22.5,81.8125
1517145336201814,-29.6875,40.3125,99.375
1517145336220881,-52,58.3125,98.375
1517145336239876,-36.125,66.8125,81.25
1517145336261894,-24.1875,63.3125,59.8125
1517145336280923,-9.3125,41.5,38.8125
1517145336306924,-22.25,-19.4375,37.375
1517145336321936,34.25,-70.375,59.1875
1517145336342949,78.5,-80,50.75
1517145336358926,85.625,-59.375,36.4375
1517145336381995,82.8125,-42.375,29.75
1517145336402991,73.0625,-31.5,20.375
1517145336424025,40.375,-18.9375,20.8125
1517145336442001,8.5,10.25,15.875
1517145336463035,-18,41.1875,11.3125
1517145336479011,-23.5625,46.3125,-3.75
1517145336502080,-17,58.8125,-19.3125
1517145336523095,-13.0625,54.9375,-29.125
1517145336544111,-7.8125,29.4375,-23.8125
1517145336562123,-8.3125,-8.125,-13.1875
1517145336583124,29.3125,-33.3125,1.5
1517145336604150,44.1875,-49.8125,-2.5625
1517145336622113,55.125,-56.5625,-10.3125
1517145336642127,62.5,-57.375,-16.25
1517145336664195,54.6875,-51.6875,-18.5
1517145336681188,24.0625,-18.375,-7.4375
1517145336703172,-10.375,28,3.625
1517145336724238,-46.125,48.625,1.125
1517145336741197,-58.875,40.4375,-11.4375
1517145336763213,-57.8125,44.6875,-13.4375
1517145336784227,-48.5625,45.1875,-16.25
1517145336801277,-45.125,32.875,-27.25
1517145336823255,-45.8125,20.5625,-8.5625
1517145336844321,-18.75,3.5625,17.6875
1517145336861281,9.1875,-12.1875,18.1875
1517145336883298,26.125,-15.25,10.5625
1517145336904366,31.3125,-8.9375,8.625
1517145336921325,8.0625,7.5,19.875
1517145336943339,-12.875,40.875,29.9375
1517145336964408,-53,55.875,31.3125
1517145336980421,-59.625,51.75,15.4375
1517145337003385,-35.6875,35.375,5.375
1517145337024452,-16.125,-1.875,13.0625
1517145337040408,-4.3125,-16.125,10.625
1517145337063427,36.3125,-20.9375,7.6875
1517145337084493,35.5625,-29.3125,-7.5625
1517145337100473,26.6875,-32.875,-16.9375
1517145337123469,9.9375,4.9375,-15.8125
1517145337144536,-29.375,35.75,-13.125
1517145337160494,-26,49.9375,-20.9375
1517145337183511,0.4375,43.9375,-24
1517145337204579,-3.6875,25.8125,-18.6875
1517145337220539,-19.8125,-5.5,-10.6875
1517145337243553,12.1875,-21.3125,-0.1875
1517145337264569,30.4375,-20.6875,-2.625
1517145337280580,37.9375,-15.875,-14.0625
1517145337303608,39.25,-21.875,-25.625
1517145337324611,38.5625,-28.375,-24.6875
1517145337340622,11.4375,-23.8125,-14.875
1517145337363673,-16.125,10.4375,2.625
1517145337384706,-22.1875,41.4375,9.5625
1517145337400667,-22.1875,45.0625,4.3125
1517145337423719,-24.375,44.875,0.375
1517145337444749,-25.75,43.4375,-5.1875
1517145337460707,-26.6875,24.875,-13.5625
1517145337483776,-26.875,-8.75,2.1875
1517145337504792,7.0625,-18.0625,21.875
1517145337519771,33.375,-15.125,14.375
1517145337543768,28.875,6.125,-1
1517145337563833,31.8125,63.9375,-26.25
1517145337580794,-0.3125,98.3125,-42.1875
1517145337603810,-40.6875,88.375,-33.8125
1517145337625826,-34.3125,77.6875,-33.4375
1517145337639835,-15.8125,66.1875,-31.1875
1517145337662851,-10.4375,47.25,-28.625
1517145337685869,-0.6875,11.1875,-8.0625
1517145337699881,25.625,-25,20.4375
1517145337722950,59.125,-64.3125,30.8125
1517145337745911,60.5625,-94.4375,20.3125
1517145337759920,40.5,-89.875,15.4375
1517145337782971,24,-58.875,19.9375
1517145337805953,20.9375,-39.8125,22.8125
1517145337819964,26.6875,-34.9375,22.1875
1517145337849038,11.875,-29.75,24.875
1517145337865995,-10.75,-14.625,27.6875
1517145337887063,-19.875,-2.75,15.6875
1517145337903026,-16.375,-4.1875,9.125
1517145337926037,-18.5625,-16.3125,14.625
1517145337940064,-20.9375,-33.5625,23.5625
1517145337963066,-15.25,-50.4375,26.8125
1517145337986114,0.4375,-65.75,28.375
1517145338007111,9.625,-56.9375,26.0625
1517145338023114,3.5,-32.375,26.875
1517145338046158,-2.5625,-10.625,19.5
1517145338067193,-8.875,11.375,11.625
1517145338083150,-16.1875,25.75,4.5625
1517145338106202,-18,31.3125,2.25
1517145338127213,-11.9375,36.375,-5.1875
1517145338143191,-10.5625,42.5,-13.25
1517145338166245,-12.5625,34.25,-15
1517145338187278,-23.25,14.75,-10.75
1517145338203234,4.9375,-3.3125,-9.3125
1517145338232283,16.875,-12.75,-10.4375
1517145338247308,27.375,-8.3125,-17.0625
1517145338263277,37.1875,-8.3125,-28.5
1517145338286295,24.75,6.5,-29
1517145338307312,1.3125,54.5,-14.125
1517145338323319,-16.625,74.0625,-10.3125
1517145338346336,-30.25,65.375,-21.125
1517145338367350,-43.875,54.1875,-20.5625
1517145338383362,-61.875,41.1875,-21.75
1517145338407379,-35.0625,30.3125,-30.75
1517145338427447,-16.375,6.5625,-20.4375
1517145338444423,6.875,-2.1875,3.375
1517145338465471,20.0625,-4.625,3.0625
1517145338486489,29.75,3.5,0.5
1517145338509451,43.6875,4.3125,-3.8125
1517145338525463,52,-6.5,-11.1875
1517145338546530,24,15.125,-6.875
1517145338562488,-0.5625,46.1875,-6.3125
1517145338585507,-15.75,54.0625,-19.0625
1517145338608521,-24.3125,46.5,-25.0625
1517145338622549,-31.125,36.625,-21.4375
1517145338645563,-33.75,24.875,-18.8125
1517145338668564,-11.625,5.875,-9.1875
1517145338682582,7.125,-22,12.8125
1517145338705591,18.125,-43.1875,24.25
1517145338728609,27,-51.75,25.375
1517145338742617,41.8125,-55.375,19.0625
1517145338765635,50.9375,-62.8125,8.8125
1517145338788666,43.4375,-67.5,8.125
1517145338809680,42.1875,-70,7
1517145338825676,30,-78.375,5.75
1517145338848727,9.9375,-36.6875,9.9375
1517145338869760,-3.4375,24.25,4.75
1517145338893731,-31.375,46,-7.8125
1517145338908734,-49.4375,52.125,-13.8125
1517145338929798,-44.125,58.1875,-14.125
1517145338945761,-42.1875,54.4375,-18.4375
1517145338968779,-34.25,21,-12.625
1517145338989799,-29.125,-15.6875,2.3125
1517145339005803,2.6875,-34.5625,13.5625
1517145339028820,25.5625,-24.75,2.9375
1517145339049835,39.1875,-6.5,-14.9375
1517145339065859,33,-5.1875,-23.8125
1517145339087915,4.375,21.875,-2.5625
1517145339109877,-17.375,45.5,1.8125
1517145339132948,-40.6875,46.6875,2.8125
1517145339147903,-48.4375,43.4375,5
1517145339168975,-32.9375,41,2.75
1517145339185931,-17.375,27.4375,-7.875
1517145339207947,-7.0625,0.0625,-7.6875
1517145339237968,-8.75,-36.6875,3.5625
1517145339252979,-0.9375,-63.75,11.875
1517145339276012,21.5,-59.375,11.9375
1517145339292009,32.75,-52.1875,3.75
1517145339305017,32.4375,-48.8125,-0.9375
1517145339328038,16.0625,-45,1.0625
1517145339351047,-1.9375,-30.75,8
1517145339372116,-20.9375,-6.1875,15.6875
1517145339388086,-27.25,21.5,16.1875
1517145339411125,-27.5625,43.6875,12.5625
1517145339432121,-17,47.1875,4.3125
1517145339448118,-9.8125,31.3125,1.4375
1517145339471168,-3.0625,4.9375,-0.3125
1517145339492159,-1.8125,-29.625,5.6875
1517145339514216,15.875,-52.5,8
1517145339531209,32.4375,-47.75,4
1517145339552247,38.9375,-35.5,-5.9375
1517145339568204,35.625,-36.1875,-9.875
1517145339591223,20.9375,-28.375,-4.25
1517145339605232,3.0625,10.375,4.75
1517145339628247,-20.125,32,7
1517145339651260,-30.75,41.5625,3.6875
1517145339665271,-31.8125,52.5625,-1.0625
1517145339688287,-26.125,54.875,-9
1517145339711304,-15,40.3125,-18.125
1517145339725315,-9.4375,6.375,-14.25
1517145339748331,-3.9375,-29.0625,-1.6875
1517145339771349,18.6875,-38.4375,5.3125
1517145339794362,30.125,-24.625,-5.0625
1517145339808373,42,-9.25,-16.1875
1517145339830418,42.3125,-2,-19.125
1517145339852406,24.4375,-2,-12
1517145339868415,-6.125,-0.9375,-1.0625
1517145339898437,-28.25,13.1875,8
1517145339911499,-33.25,32.875,5.75
1517145339928474,-36.25,47.6875,6.75
1517145339950473,-30.9375,54,1.5
1517145339971541,-18.625,42,-1.5625
1517145339988501,-2.875,23.1875,-3.9375
1517145340011528,-2.5,-5.1875,3.5
1517145340031583,8.4375,-24.4375,6.6875
1517145340048578,26.125,-26.9375,4.375
1517145340070575,35.25,-20.8125,-4.5
1517145340091577,36.5,-24.3125,-11.1875
1517145340108598,19.75,-26.8125,-12.125
1517145340130602,-0.875,0.3125,-3.3125
1517145340151669,-16.1875,35.375,-0.9375
1517145340175633,-22,53.125,-6.375
1517145340190648,-25.875,46.1875,-12.4375
1517145340211712,-21.5,34.125,-9.6875
1517145340228670,-11.0625,20.3125,-11.125
1517145340251687,4.4375,7.0625,-15.8125
1517145340271755,9.3125,-22.375,-5.0625
1517145340295722,3.1875,-48.8125,6.3125
1517145340310732,33.875,-53.125,7
1517145340331797,49.75,-63.3125,-5.75
1517145340348756,53.8125,-59.9375,-13
1517145340370771,31.375,-44.5,-12.1875
1517145340391789,2.375,-6.875,1.6875
1517145340407798,-29.75,23.25,8.5
1517145340431824,-42.9375,37.1875,8.3125
1517145340453830,-35.25,32.4375,-0.0625
1517145340467840,-26.0625,-2.125,12.5
1517145340490857,-17.875,-26.875,16.625
1517145340512927,20.4375,-41.375,4.0625
1517145340533886,31.5625,-36.375,-4.6875
1517145340550900,38.5625,-26.375,-14.125
1517145340572928,32,-21.875,-13.625
1517145340587938,9.5,-20.1875,-9.625
1517145340610943,-15.75,-5.1875,0.5625
1517145340640963,-28.625,15,7.5625
1517145340647968,-28.9375,38.125,9.625
1517145340670984,-24.4375,55.625,3.125
1517145340693002,-30.875,65.6875,-5.9375
1517145340708011,-40.75,63.4375,-14.5
1517145340731028,-36.75,45.9375,-18.1875
1517145340753045,-17.4375,19.125,-10.8125
1517145340774112,-7.625,-14.0625,0.125
1517145340791104,37.3125,-25.3125,16.625
1517145340813085,46,-38.75,14.875
1517145340834102,63.9375,-52.6875,3.1875
1517145340851131,55.9375,-54.5625,-3.75
1517145340873145,22.1875,-26.8125,0.0625
1517145340894196,7.4375,24.375,1.25
1517145340911189,-15.625,46.5,-1.0625
1517145340933187,-27.5625,55.6875,-13.625
1517145340954220,-34.75,60.625,-23.5
1517145340971233,-37.25,28.6875,-28.9375
1517145340993216,-49.3125,-23.375,-11.5
1517145341014281,16.375,-55.8125,-5.3125
1517145341031239,55.0625,-50.4375,-6.375
1517145341053256,58.5625,-46.8125,-13.125
1517145341074323,42.3125,-35.125,0
1517145341091282,0.75,-1.8125,14.0625
1517145341113298,-29.25,15.875,17.9375
1517145341134367,-26.4375,26.4375,13.1875
1517145341151325,-18.4375,28.3125,7.5
1517145341181352,-17.75,14.6875,5.25
1517145341194409,-27.25,-14.5625,15.375
1517145341210383,-7.3125,-29.75,11.625
1517145341233399,21,-33.6875,18.375
1517145341254453,32.5,-32,13.125
1517145341270409,30.375,-28.125,16
1517145341294426,16,-18.1875,19.625
1517145341314493,8.875,-4.125,24.625
1517145341330486,-5.5625,8.875,28.625
1517145341353468,-21.1875,21.5625,28.75
1517145341375484,-16.9375,32.5,24.1875
1517145341390531,-3.9375,38.0625,14.1875
1517145341413522,1.8125,44.375,6.125
1517145341435529,-1.75,41.125,-3.3125
1517145341450591,2.625,23.0625,-3.25
1517145341473566,-1.9375,-3.75,-3.8125
1517145341496604,3.5,-23.6875,-4.625
1517145341510579,14.625,-19,-0.1875
1517145341533595,9.375,7.5625,0.0625
1517145341555613,-5.625,22.375,5.75
1517145341576680,-10.5,30.375,2.25
1517145341593676,-7.25,23.4375,-1.625
1517145341615656,-9.9375,8.9375,2.4375
1517145341629665,-1.6875,2.875,-3.1875
1517145341653735,3,-11.6875,-7.8125
1517145341683756,11,-27.8125,-11.5
1517145341696713,23.125,-35.3125,-11.5
1517145341713724,35.4375,-38.9375,-17.625
1517145341735742,21.6875,-30.25,-8.625
1517145341756809,1.25,8.5625,1.375
1517145341773782,-19.125,23.6875,7.5
1517145341795783,-27.5,16.5,6.75
1517145341816850,-24.3125,6.75,7.0625
1517145341839818,-11.25,-3.5,5.8125
1517145341855825,-12.4375,-14.5625,-7.125
1517145341876840,5.375,-29.8125,-15.6875
1517145341892904,24.75,-27.9375,-21.4375
1517145341915867,34.5,-22.75,-26
1517145341936882,27.8125,-21.1875,-21.9375
1517145341952948,-13.125,-14.9375,0
1517145341975925,-41.125,-6.5625,15.0625
1517145341996980,-51.875,-3.5625,19.5625
1517145342012952,-37.75,0.0625,12.9375
1517145342035953,-14.9375,12.75,4.9375
1517145342057022,-6.875,29.125,-8.625
1517145342072981,-9.1875,34.5625,-18.125
1517145342095997,-13.9375,28.5,-15.5625
1517145342118022,-13.4375,19.875,-12
1517145342133023,-11.9375,2.6875,-5.3125
1517145342156038,4,-20.0625,-5.1875
1517145342177104,18.9375,-17.5625,-3.375
1517145342193064,16.375,6.75,-3.6875
1517145342216118,-3.375,28.875,2.875
1517145342237150,-13.5625,34.5,8.875
1517145342253108,-5.8125,36.3125,0.125
1517145342276158,-15.375,18.1875,2.625
1517145342297191,-21,5.8125,-7.125
1517145342313149,19.4375,14.5,-24.8125
1517145342336218,17.625,16.875,-40.8125
1517145342358182,14.1875,21.375,-35.375
1517145342372245,26,20.75,-35.5625
1517145342380197,30.0625,15.5625,-38.75
1517145342401264,19.5625,2.375,-39.6875
1517145342424231,16.9375,-5.3125,-44.375
1517145342440239,12,-18.5,-44.875
1517145342461309,16,-22.0625,-39.3125
1517145342483323,12.125,-23.375,-35.1875
1517145342500298,10.4375,-14.3125,-33.4375
1517145342521352,-6.5625,-19.0625,-18.4375
1517145342543313,-14.25,-6.6875,1.0625
1517145342560325,-12.375,22.25,5.1875
1517145342581340,-12.625,44.625,-0.4375
1517145342603409,-15.8125,34.9375,0.5625
1517145342620369,-63.8125,-7.1875,13.9375
1517145342641385,5.6875,-33.9375,17
1517145342671456,52.8125,-22.625,9.6875
1517145342686467,53.125,-9.125,8.125
1517145342701478,39.6875,-10.6875,22.4375
1517145342723459,15.5625,-6.4375,31.125
1517145342741455,5.25,-16.8125,32.875
1517145342761470,20.1875,-25.625,24.25
1517145342791490,39.5625,-28.875,12.3125
1517145342800495,50.125,-36.6875,2.4375
1517145342821522,40.75,-38.875,-3.375
1517145342846528,24,-29.8125,-0.5
1517145342860542,10.625,-20.5,4.5
1517145342882574,6.25,-12.5625,4.5
1517145342903625,4.9375,-6.375,1
1517145342920595,8,-4.375,0.375
1517145342948658,6.8125,-7.8125,0.9375
1517145342965612,6.6875,-7.375,0.375
1517145342980623,3.4375,-5.1875,0.1875
1517145343001637,1.75,-2.625,0.625
1517145343023710,5.25,-4.0625,1.375
1517145343039723,3.4375,-5.3125,3.0625
1517145343061681,4.875,-2.375,2.625
1517145343083755,7.5,3.5,2.25
1517145343099742,3.9375,10.125,-0.1875
1517145343124726,-2.9375,11.25,-0.625
1517145343143759,-4.1875,8.9375,0.4375
1517145343161751,-2.125,12,-2.0625
1517145343180783,-6.3125,14.6875,-5.5625
1517145343203781,-14.0625,11.25,-5.1875
1517145343225797,-14.4375,8,-2.875
1517145343240825,-10.4375,21,-5.5
1517145343263823,-20.9375,49.5625,-10.3125
1517145343285838,-56.1875,76.0625,-12.5
1517145343308873,-84.25,93.25,-5.125
1517145343330887,-95.375,110.5,-17.75
1517145343341957,-105.438,109.875,-33.875
1517145343377951,-110.875,75.8125,-26
1517145343384006,-106.438,20.5625,3.5625
1517145343402019,-5.9375,-9.625,13.3125
1517145343421034,67.0625,-18,18.6875
1517145343444028,69.8125,-23.1875,17.125
1517145343462041,55.5,-27.75,29.5625
1517145343481076,51.5,-33.75,24.0625
1517145343505041,57.125,-42,4.3125
1517145343522090,39.75,-40.8125,0.25
1517145343541094,19.6875,20.4375,8.6875
1517145343564082,-21.9375,71.125,10.5625
1517145343582100,-80.5625,70.75,-9.4375
1517145343601120,-111.313,57.9375,-7.125
1517145343624129,-131.375,45.75,-4.5625
1517145343641136,-77.5,23.375,-16.9375
1517145343661149,-12.5625,-9.9375,-19.5
1517145343684168,53.25,-21.3125,0.9375
1517145343701184,65.125,-25,11.3125
1517145343729200,66.9375,-30.375,13.375
1517145343743267,54.1875,-51.5625,10.4375
1517145343761223,34.5,-76.875,7.9375
1517145343784237,15.125,-77.375,5.25
1517145343803305,2.3125,-32.4375,5.1875
1517145343821264,0.125,12.9375,-0.1875
1517145343841284,-13.6875,33.9375,-1.625
1517145343863318,-30.5,39.5625,-9.875
1517145343881308,-54.5625,26.125,-4.4375
1517145343902325,-60.625,14.25,0.5
1517145343923389,-22.0625,9.625,-5.75
1517145343941348,21.6875,3.6875,-5.5
1517145343968421,29.25,-8.4375,1.125
1517145343983381,20.5625,-27.4375,7.6875
1517145344009432,38.375,-34.125,6.125
1517145344022409,51.625,-39.3125,-0.875
1517145344043424,34.875,-18.6875,5.5625
1517145344061436,2.75,21.3125,11.6875
1517145344084450,-42.75,45.0625,11.875
1517145344103518,-55.25,51.5,0.6875
1517145344121477,-77.375,50.1875,-7.0625
1517145344144545,-66.625,25.25,-0.875
1517145344166509,-21.5625,-2.1875,1.75
1517145344181521,53.1875,-23.75,8.625
1517145344208538,91.25,-31.75,8.9375
1517145344223600,80.75,-42.6875,-1.0625
1517145344242615,39.3125,-59.375,-6.4375
1517145344264579,1.5,-30.5625,4.25
1517145344283590,-3.25,16.75,1.4375
1517145344302604,-6.5,35.75,-1.4375
1517145344324622,-12.5625,32.25,-6.125
1517145344343638,-23.125,18.0625,-2.3125
1517145344361649,-39,-9.9375,11.625
1517145344383698,-4.9375,-40.5625,2.3125
1517145344403729,34.625,-39.625,-5.875
1517145344421690,51.8125,-27.25,-21.5
1517145344443704,54.5625,-20.8125,-21.5625
1517145344463771,42.875,-18.25,-18.25
1517145344481733,28.0625,-19.125,-11.375
1517145344511753,20.5,-29.125,-6.5
1517145344523814,12.8125,-29.9375,-5.5
1517145344547779,10.375,-27.625,-9.8125
1517145344563794,8.8125,-28.75,-12
1517145344583856,-1.3125,-32.25,-14
1517145344601854,-14.5625,-31.5,-19.375
1517145344623834,-24.9375,-29.0625,-16.25
1517145344643846,-24.0625,-39.0625,-7.4375
1517145344661912,-18.125,-51.6875,-4.375
1517145344683876,-8.375,-64,-5.125
1517145344703943,8,-63.0625,-5.875
1517145344721934,9.75,-57.5625,-4.625
1517145344743917,0.875,-43.6875,-4.5625
1517145344764949,-13.6875,-29.6875,1
1517145344787950,-13.8125,-22.9375,4.5
1517145344803962,-16.125,-14.25,2.1875
1517145344825974,-21.0625,-8,-0.8125
1517145344840002,-18.25,-6.3125,-1.5625
1517145344863004,-13.3125,-7.125,-3.8125
1517145344893034,-13.125,-8.9375,-5.125
1517145344906032,-15.0625,-1.5625,-2.75
1517145344924045,-15.5,15.6875,-3.625
1517145344946081,-14.75,16.9375,-0.5625
1517145344967134,-18.6875,8.5625,0.25
1517145344983091,-15.9375,5.9375,-2.625
1517145345006114,-2.3125,6.4375,-5.125
1517145345027159,3.8125,5.125,-1.5625
1517145345043133,9.3125,3.0625,-0.25
1517145345065145,5,2.5,3.3125
1517145345081159,7.8125,0.6875,3.5625
1517145345104175,13.0625,2.25,2.6875
1517145345125188,12.6875,1.5625,3.1875
1517145345140198,10.5,1.8125,1.125
1517145345169218,7.375,2.875,2
1517145345184283,2.5625,3.6875,2
1517145345200244,0.625,2.75,-0.3125
1517145345223260,0.625,2.5625,0.625
1517145345246277,2.0625,2.625,1.3125
1517145345260284,-0.75,3.1875,1
1517145345284304,-3.3125,2.6875,0.6875
1517145345305317,-2.25,1.9375,0.5625
1517145345320327,1.25,2.6875,0.4375
1517145345343346,0.25,3.6875,-0.125
1517145345365358,-4.8125,2.75,0.875
1517145345380368,-1.8125,2.3125,0.9375
1517145345403387,-0.9375,2.5,1.1875
1517145345425400,-1.4375,2.25,0.1875
1517145345440446,-1.3125,2,-0.0625
1517145345463430,0.125,2.3125,0.5
1517145345485446,1.25,2.125,0.4375
1517145345500509,0.75,1.1875,0.5625
1517145345529478,-0.1875,1.75,0.625
1517145345551491,-0.875,2.3125,-0.1875
1517145345560497,-1.375,1.5625,-0.0625
1517145345589516,-1.25,0.875,0.375
1517145345605530,-1.0625,0.25,0.0625
1517145345620540,-1.0625,1.75,0.5625
1517145345643588,-0.9375,2.75,0.875
1517145345665573,1.125,2.75,-0.1875
1517145345680582,0.6875,2.75,0.0625
1517145345703614,-0.625,1.375,0.25
1517145345726616,0.125,1.5,0.3125
1517145345746687,0.875,1.9375,0
1517145345763650,0.6875,2.6875,0.0625
1517145345785656,-1.125,2.0625,0
1517145345806675,-0.9375,1.375,-0.4375
1517145345830689,-0.0625,1.1875,-1.125
1517145345845704,0.625,0.5625,-1
1517145345867772,1,0,-0.875
1517145345883728,1.3125,0.125,-0.0625
1517145345905762,2,0.5,0.0625
1517145345927814,2.9375,1.25,0.1875
1517145345949774,3.9375,1.1875,0.25
1517145345965784,2.6875,1.5625,-0.0625
1517145345986858,0.0625,0.75,-0.1875
1517145346002811,-1.9375,0.0625,0.375
1517145346025826,0.5,0.75,0.9375
1517145346046896,2.3125,0.8125,-0.125
1517145346062854,0,0.875,-0.6875
1517145346085876,-2,0.8125,-0.0625
1517145346106947,-2,0.6875,0.375
1517145346122908,0.4375,0.9375,0.5
1517145346145920,1.1875,0.875,0.5625
1517145346175939,-0.1875,0.625,0.5625
1517145346183964,-2.1875,-0.1875,0.5625
1517145346205962,-1.4375,-0.25,0.25
1517145346228975,0.25,-0.3125,0.1875
1517145346242981,-0.125,-0.5625,0.8125
1517145346266011,0.0625,-0.9375,0.875
1517145346296030,1.125,-1.375,1.1875
1517145346303033,1.625,-1.5625,1.25
1517145346326041,1.5625,-1.5,1.25
1517145346348064,0.875,-1.625,1.3125
1517145346363070,1.4375,-1.625,0.875
1517145346386116,-0.6875,-2.25,0.6875
1517145346408098,-2.0625,-2.5,0.75
1517145346423110,-2,-1.875,0.875
1517145346452185,-0.9375,-1.4375,0.75
1517145346470141,-1.1875,-1.1875,0.1875
1517145346482149,-1.5,-1.0625,0.0625
1517145346506169,-0.9375,-0.125,0.5
1517145346528185,0.4375,-0.25,0.75
1517145346542209,0.5625,-0.875,0.5625
1517145346566210,-0.5625,-0.75,0.5
1517145346588229,-0.1875,-0.875,0.5625
1517145346602262,-0.8125,-1.375,0.5625
1517145346626254,-0.3125,-0.5,0.0625
1517145346648272,-0.875,-0.75,0.0625
1517145346669338,-1.6875,0.125,0.3125
1517145346685294,-2,0.1875,0
1517145346708314,-0.625,1.3125,-0.625
1517145346730331,0.25,1.25,-0.1875
1517145346745391,0.5625,0.75,-0.125
1517145346769363,0.4375,1,0.0625
1517145346789426,-0.75,1.375,-0.125
1517145346805381,-1.5625,0.75,-0.0625
1517145346835404,0.125,0.5,0.0625
1517145346849449,1.625,0,-0.125
1517145346873429,0.4375,-0.4375,0.3125
1517145346888462,-0.5,-0.6875,-0.25
1517145346909473,-1,-1.0625,0
1517145346925464,-0.4375,-0.6875,0.125
1517145346948484,1.5625,0,0.25
1517145346969553,3.375,0.5625,0.1875
1517145346985512,2.9375,0.5,0.0625
1517145347008524,1.5625,0.1875,0.1875
1517145347029596,-0.75,0.3125,0.3125
1517145347045555,-0.0625,1.75,0.6875
1517145347068570,-0.6875,3.5,3.9375
1517145347089640,-3.25,0.75,5
1517145347113598,-1.125,-2.6875,2.25
1517145347128609,0.1875,-3.5,0.8125
1517145347150623,0.25,-3.8125,-0.4375
1517145347165634,-1.1875,-4.3125,-2.3125
1517145347188651,-2.625,-3.875,0.125
1517145347211674,-1.0625,-4.1875,0.0625
1517145347225682,-7.375,-8.25,0.5
1517145347247693,-12.125,-11.5625,0.75
1517145347270709,-6.625,-8.5,-0.625
1517145347284731,-4.3125,-0.375,-3.4375
1517145347308737,-3.9375,7.625,-5.0625
1517145347330759,-4.9375,3.8125,-2.6875
1517145347344763,5.0625,1.9375,-1.0625
1517145347367803,14,11.6875,-2.5
1517145347390849,23.625,13.125,3.375
1517145347411863,31.5,13.4375,10.375
1517145347427859,28.125,20.5625,25.0625
1517145347451859,11.9375,40,42.5
1517145347472864,-43.8125,57.75,64.6875
1517145347487911,-66.5,81.0625,67.75
1517145347510886,-65.8125,106.875,52.125
1517145347531898,-62.5625,127.688,20.1875
1517145347547908,-60.375,114.125,-2.5625
1517145347570925,-35.625,95.3125,-19.5
1517145347591937,7.75,65.9375,-30.0625
1517145347607952,4.3125,12.875,-6.75
1517145347630978,17.25,-15.125,30.3125
1517145347652033,49.25,-21.625,26.25
1517145347667995,69.375,-19.4375,19.5
1517145347692013,72.6875,-22.5,17.4375
1517145347712075,69.6875,-32,7.375
1517145347728052,65.875,-37.125,-4.6875
1517145347751084,69.75,-39.1875,-13.1875
1517145347773069,54.875,-39,-18.0625
1517145347788079,17.75,-14.125,-5.8125
1517145347811128,-22,18.875,14.3125
1517145347839171,-67.5,52.375,47.0625
1517145347848121,-76.6875,75.625,36.0625
1517145347871144,-66,101.313,16.625
1517145347892157,-46.1875,100.5,-12.375
1517145347908164,-36.0625,75,-33.5625
1517145347931178,-42.9375,8.375,-27.6875
1517145347952237,3.125,-32.375,3.1875
1517145347967209,30.875,-54.75,8.875
1517145347991221,53.3125,-55.5,3.5
1517145348013235,66.0625,-48.5,-9.5625
1517145348027246,65.375,-40.875,-14.125
1517145348051263,24.625,-16.3125,5.25
1517145348073300,-17.375,22.9375,28.125
1517145348087293,-49.625,51.3125,23.6875
1517145348118316,-59.25,63.4375,0
1517145348133325,-49.75,63.125,-16.75
1517145348147336,-44.125,40.125,-22.4375
1517145348170404,-22.75,10.125,-20.375
1517145348193365,2.625,-24.75,-13.6875
1517145348207375,19.4375,-48,3.5625
1517145348236447,40.875,-56,7.3125
1517145348253408,64.5,-62.5,-11.8125
1517145348274473,78.75,-73.6875,-35.125
1517145348290434,77,-74.6875,-44.875
1517145348313450,51.625,-62.75,-46.875
1517145348341473,28.125,-47,-30
1517145348350479,2.875,-20.25,-3.6875
1517145348373494,-48.5625,-0.25,28.75
1517145348394559,-69.25,21.8125,44
1517145348411522,-74.25,55.1875,42.6875
1517145348434535,-69.75,84.875,16.6875
1517145348454608,-59.6875,91.5625,-11.3125
1517145348470565,-49.1875,82.375,-27.6875
1517145348499641,-51.625,67.1875,-29.375
1517145348514650,-59.75,57.75,-21
1517145348531603,-47.375,42.5,-10.25
1517145348553631,-26,3.1875,8.4375
1517145348575638,18.1875,-19.375,25.8125
1517145348589706,40.5625,-34.5625,20.9375
1517145348613672,52.5,-43.625,7.875
1517145348635678,53.4375,-44.875,-1.0625
1517145348649687,46.3125,-46.0625,-2.0625
1517145348673707,31.3125,-55.3125,1.75
1517145348695723,5.625,-54.0625,8.5625
1517145348710747,-13.625,-29.3125,17.5625
1517145348733750,-33.5,-7.4375,24.5625
1517145348755793,-42.875,9.4375,23.9375
1517145348777834,-39.5625,12.1875,17.625
1517145348793792,-34.4375,15.8125,7.1875
1517145348814813,-20.375,20.1875,-9.8125
1517145348829824,-1.8125,10.6875,-21.125
1517145348852832,4.4375,-7.0625,-17.9375
1517145348881871,-8.5,-28,-12.625
1517145348896921,-7,-33.3125,-7.3125
1517145348912876,2.3125,-39.625,-5.125
1517145348936895,12.3125,-43.3125,-3.0625
1517145348949904,16.5,-43.1875,-2.5625
1517145348972920,13.125,-41.8125,-6.1875
1517145348996941,7.875,-39,-10
1517145349009948,-2.5,-23.625,-10.125
1517145349032969,-11.3125,-9,-10.5625
1517145349055977,-16.8125,-0.625,-11.625
1517145349069996,-18.5625,2.0625,-8.375
1517145349093005,-26.1875,-4.75,3.625
1517145349116021,14.3125,5.625,27.3125
1517145349130031,30.9375,16.125,43.5625
1517145349153048,27.8125,18.0625,64.5625
1517145349176064,39.5625,1.75,82.9375
1517145349190081,70.625,-19.125,107.938
1517145349213091,71.25,-30.3125,117.5
1517145349236124,75.125,-16.6875,113.625
1517145349257177,54.625,-11.9375,97.1875
1517145349279193,58,-27.9375,67.625
1517145349296146,30.75,-8.4375,29.8125
1517145349317218,6.8125,28.8125,-10.5
1517145349333176,-13.1875,46.125,-45.0625
1517145349356211,-48.625,49.625,-79.3125
1517145349377221,-75.9375,34.75,-79.25
1517145349393218,-67.25,-7.9375,-43
1517145349416234,10.75,-85.5625,21.125
1517145349437254,92.3125,-98.75,73.3125
1517145349453314,101.188,-89.6875,118.5
1517145349476275,84.875,-70.6875,115.563
1517145349504351,48.9375,-46,110.125
1517145349513300,12.875,-48.625,82.8125
1517145349535314,-20.5625,3.25,7.6875
1517145349557332,-31.25,68.6875,-51.75
1517145349573345,-54.9375,113.563,-113.938
1517145349595382,-121.875,124.75,-153.813
1517145349616435,-150.75,123.25,-129.25
1517145349633384,-108.438,98.125,-99.1875
1517145349655412,-80.125,33.5,-68.4375
1517145349676473,-29.5625,-9.1875,-54.1875
1517145349693431,38.375,-33.5625,-23.4375
1517145349715446,53.25,-67.8125,25.1875
1517145349736458,21.625,-85.5625,45.6875
1517145349753473,-3.375,-78.3125,35.1875
1517145349775488,6.4375,-58.5625,2.625
1517145349798510,1.875,-21.25,-24.3125
1517145349813523,-26.625,7.75,-39.375
1517145349835538,-53.1875,29.625,-56.4375
1517145349856600,-51,48.5,-62.4375
1517145349872562,-29.625,61.6875,-60.25
1517145349895579,-17.25,60.4375,-61.75
1517145349918595,-10.3125,47.625,-62.9375
1517145349932598,-3.5,27.625,-61.375
1517145349955613,-3.625,7.4375,-61.875
1517145349978665,-3.0625,-0.625,-56
1517145349992642,-12.875,-11,-44.875
1517145350015660,-24.4375,-14.5625,-28
1517145350038706,-33.5625,-14,-17
1517145350059732,-29.1875,-9.625,-13.4375
1517145350075702,-16.875,-5.25,-15.8125
1517145350098735,-0.0625,-10.1875,-9.5625
1517145350112725,9.25,-14.9375,-6
1517145350135741,-8.25,-11.3125,-8.3125
1517145350165763,-20.5625,0.75,-2.625
1517145350172767,-29.75,7.25,1.625
1517145350195784,-30.375,4.0625,2.875
1517145350217852,-22.4375,5.5,-2.0625
1517145350238870,-4,20,-4.4375
1517145350255830,-0.5,9.3125,-0.625
1517145350278860,-13.8125,2.4375,-0.3125
1517145350299861,-23.1875,3.5625,7.375
1517145350315904,-9.8125,7.75,8.75
1517145350338888,-5.125,8.6875,5.5625
1517145350358957,-7.125,6.9375,3.875
1517145350376913,-10.5,6.875,2.9375
1517145350397926,-8.0625,7.25,0.9375
1517145350418976,-8.125,8.9375,1.625
1517145350442978,-4.6875,11,1.5
1517145350457971,-5.25,7.5625,0.3125
1517145350479020,-1.5,7.0625,0.1875
1517145350496014,1.4375,7.1875,0.5
1517145350518015,1.25,4.5,2.875
1517145350539026,-1.875,2.9375,2.9375
1517145350556053,-4.9375,4.625,1.6875
1517145350578058,-5,4.875,1.9375
1517145350599071,-2.1875,4.9375,1.375
1517145350617102,2.9375,4.125,2.625
1517145350638114,3.25,3.3125,3.0625
1517145350668137,0.875,5.4375,1.125
1517145350676125,-1.0625,5.6875,-0.75
1517145350698142,-2.1875,4.3125,0.375
1517145350721156,3.75,2.5625,1.9375
1517145350736169,7,2.75,1.125
1517145350758183,0.75,4.25,0.625
1517145350779251,0.625,4.1875,-0.4375
1517145350795208,1.875,6.125,-4.3125
1517145350818225,1.6875,4.3125,-3
1517145350840297,2.875,2.8125,-0.9375
1517145350846248,3.75,2.375,-0.625
1517145350861310,2.0625,2.5,-1.4375
1517145350891277,0.8125,1.8125,-1.375
1517145350906343,2,1.875,-0.6875
1517145350921352,-0.0625,3.625,-0.5625
1517145350943331,-2.375,3.375,-1.125
1517145350966331,-1.8125,4.125,-1.5625
1517145350981367,-0.9375,6.4375,-3.0625
1517145351003421,-4.875,4.4375,-2.75
1517145351026375,-6.375,1.5,-0.1875
1517145351041384,-2.5,1.25,0.4375
1517145351063454,1.125,2.875,-0.375
1517145351086415,-0.0625,2.9375,0.5625
1517145351104465,1.625,2.6875,0.8125
1517145351123445,2.125,2.4375,1.3125
1517145351147461,3.4375,2.875,0.8125
1517145351168528,4.375,3.1875,0.6875
1517145351183487,2.0625,3.875,0.125
1517145351214509,1.375,4.25,-0.5
1517145351221514,0.625,4.0625,-1.375
1517145351243527,-0.6875,1.5625,-0.625
1517145351266580,-3.75,0.1875,0.625
1517145351281579,-4.5625,0.9375,0.4375
1517145351303622,-2,1,0
1517145351325640,2.5625,1,1.25
1517145351341597,3,1.1875,1.5
1517145351363667,1.75,0.375,1.4375
1517145351385628,2.625,0.0625,1.375
1517145351400636,2.25,-0.375,1.25
1517145351423708,0.9375,-0.5625,1.0625
1517145351447688,0.375,-0.625,0.5625
1517145351463682,2.625,-0.5,0.0625
1517145351483752,3.0625,-1.1875,0.5625
1517145351505765,1,-1.4375,1.0625
1517145351522728,-0.3125,-0.9375,0.6875
1517145351550748,1.4375,-0.4375,0.625
1517145351567756,2.8125,-0.1875,0.3125
1517145351582768,1.75,-0.0625,0.125
1517145351603837,0,1.8125,-0.6875
1517145351625813,-1.9375,1.5,-1.125
1517145351642833,-0.625,0.6875,-1
1517145351663825,1.25,0.1875,-1.0625
1517145351685839,-0.625,-0.5625,-1.6875
1517145351702886,-1.1875,-1.0625,-1.25
1517145351726904,-0.3125,-0.6875,-0.1875
1517145351745939,1.125,-0.0625,-0.3125
1517145351762930,0.5,-0.1875,0.0625
1517145351783965,0.4375,-0.6875,-0.5
1517145351807929,-0.5,-0.75,-0.8125
1517145351829942,-1.5,-1.5,-0.8125
1517145351847004,-1,-1.1875,-0.875
1517145351866021,-0.1875,0.5625,-1.25
1517145351883980,-1.0625,0.1875,-1.125
1517145351911054,-1.0625,-0.25,-0.5625
1517145351926065,0.5,-0.1875,-0.1875
1517145351944025,-0.125,0.4375,-0.5625
1517145351964053,-0.3125,0.25,0.3125
1517145351986107,1.5,0.375,0.125
1517145352004101,-0.25,0.25,0
1517145352024080,-0.875,-0.0625,0
1517145352046149,1.6875,0.625,-0.0625
1517145352064119,1.1875,1.0625,0.4375
1517145352084128,0.625,-0.1875,0.4375
1517145352109155,0.6875,-0.625,0.4375
1517145352124152,1.1875,-0.3125,0.4375
1517145352144168,0.75,0,0.375
1517145352166237,0.9375,0.375,0.4375
1517145352184228,2.875,0.4375,0.3125
1517145352203262,3.625,0.125,0.25
1517145352226226,1.1875,-0.0625,-0.1875
1517145352244238,-0.5,-0.875,-0.1875
1517145352263305,1.0625,-0.25,0.0625
1517145352286319,0.6875,-0.25,0.6875
1517145352304279,0.625,0.0625,-0.25
1517145352323294,-0.1875,0.125,-0.1875
1517145352346362,0.5625,0.3125,-0.125
1517145352364374,0.5625,1.0625,0.1875
1517145352385370,0.3125,1.3125,0.125
1517145352406406,0.4375,1.5625,-0.25
1517145352424381,0.4375,1.0625,-0.6875
1517145352445413,-0.0625,0.3125,-0.625
1517145352466448,-0.75,-0.1875,-0.5
1517145352484408,-2.1875,-0.375,-0.4375
1517145352505456,-0.5625,-0.8125,-0.4375
1517145352526436,0,-0.5625,-0.125
1517145352544450,-0.1875,-0.0625,0.125
1517145352565487,-0.1875,0.5625,0.4375
1517145352586534,0.6875,0.875,0.1875
1517145352604546,0.3125,0.6875,0
1517145352625528,-0.25,0.5,-0.25
1517145352646574,-1.25,-0.0625,-0.375
1517145352664553,-2.1875,0,-0.5625
1517145352685553,-1.4375,-0.3125,-0.4375
1517145352706569,0.0625,-0.375,-0.8125
1517145352724577,-0.1875,-0.75,-0.6875
1517145352744611,-1.75,-0.6875,-0.1875
1517145352766610,0.125,-0.75,0.3125
1517145352784624,0.5,0.0625,0.6875
1517145352806638,0.625,0.1875,0.5
1517145352826653,0.625,0.3125,-0.25
1517145352843661,1.125,2.25,0.6875
1517145352866679,0.0625,3.875,1.6875
1517145352885748,-0.5625,2,2.4375
1517145352903706,0.625,-0.5,0.8125
1517145352926722,-0.25,-1.625,0.0625
1517145352945733,-0.8125,-2.25,-0.375
1517145352963747,0.0625,-1.6875,-0.625
1517145352986764,0.6875,-0.8125,-0.25
1517145353005776,0.6875,0,-0.4375
1517145353024794,0,1.125,-0.5625
1517145353046844,-0.75,2.1875,-0.25
1517145353065858,-1.625,2.125,-0.75
1517145353083833,-2.3125,1.875,-1.3125
1517145353112861,-3.25,1.625,-1.75
1517145353125870,-3.625,1.6875,-1.5
1517145353143876,-3,1.3125,-2.0625
1517145353166910,-2.375,2.75,-2.25
1517145353185965,-1.8125,3,-1.125
1517145353203921,-1.3125,2.875,-1.5
1517145353226942,-1.75,2.625,-1.625
1517145353246004,-2.5625,2.3125,-1.5625
1517145353263962,-3.1875,1.75,-1.375
1517145353286984,-3.5,1.4375,-1.625
1517145353306047,-3,1.375,-1.1875
1517145353324033,-1.4375,1.3125,0.0625
1517145353347026,-1.75,1.0625,-0.3125
1517145353368040,-3.1875,1.25,0.0625
1517145353389055,-1.6875,1.75,0.25
1517145353407062,-0.75,2,0.375
1517145353429077,-0.8125,2.1875,0.25
1517145353444096,-1.5,1.8125,0.375
1517145353467108,-0.4375,1.25,0
1517145353494128,-0.875,1.25,-0.3125
1517145353509139,-2.3125,2.125,0.375
1517145353526149,-1.6875,2.3125,0.375
1517145353547163,-0.3125,2.3125,-0.1875
1517145353564176,-0.375,5.75,-1.5625
1517145353586192,-2.5,8.0625,-2.8125
1517145353607206,-2.8125,6.5625,-1.8125
1517145353623216,-1.1875,4.375,-0.3125
1517145353646233,1.5,3.75,0.125
1517145353668251,0.8125,4.75,-0.5
1517145353683261,-0.75,5.625,-1.5625
1517145353705327,-2.5625,5.875,-1.25
1517145353728291,-2.25,3.5625,-0.9375
1517145353742300,-0.5,1.625,-0.4375
1517145353772323,0.6875,1.375,-0.625
1517145353788335,0.1875,0.75,-0.4375
1517145353803370,-0.625,1.125,-0.5625
1517145353825359,0.1875,1.8125,-0.0625
1517145353854382,1.0625,1.75,0.4375
1517145353862386,1.75,0.3125,1.125
1517145353885405,2.25,-0.4375,0.75
1517145353908418,0.1875,-0.875,0.3125
1517145353922444,-1.6875,-1.1875,-0.25
1517145353945446,-1.4375,-1.0625,0.0625
1517145353968494,-0.75,-1.4375,0.5625
1517145353982486,0.4375,-1.25,0.8125
1517145354005494,0.5625,-0.875,1
1517145354028503,1.1875,-0.1875,1.125
1517145354042513,0.8125,1.875,0.0625
1517145354065528,-1.8125,3.0625,-0.5
1517145354088548,-2.625,2.25,-0.0625
1517145354102558,-0.6875,0.9375,-0.375
1517145354125575,-0.25,0.1875,-0.125
1517145354148591,-1.3125,-0.6875,0.0625
1517145354162603,-0.8125,-1.5,-0.0625
1517145354185626,0.4375,-1.8125,-0.4375
1517145354208634,0.375,-1.9375,0.0625
1517145354229680,0.875,-1.375,0.875
1517145354245666,2,-1.3125,1.75
1517145354274684,1.5,-1.5,1.8125
1517145354289688,2.0625,-1.25,0.75
1517145354305699,1.8125,-1.0625,0.75
1517145354327717,1.1875,0.1875,0.875
1517145354348729,0.75,1.375,3.6875
1517145354365742,0.0625,-2.375,2.625
1517145354388758,0.125,-3.25,0.1875
1517145354408774,-0.9375,-2.875,0
1517145354425784,-0.25,-2,0
1517145354447849,1,-0.75,-0.0625
1517145354468867,-0.6875,0.125,0
1517145354485827,-1.5,1.5,-0.8125
1517145354507841,-1.0625,3.75,-0.125
1517145354528875,-0.625,4.8125,1.5625
1517145354545870,-1.5,2.5625,1.3125
1517145354567885,-0.625,0.125,0.0625
1517145354588899,-0.625,-1,-0.6875
1517145354605922,-0.5625,-1.6875,-1.125
1517145354627926,0.0625,-1.1875,-1.1875
1517145354648941,0.0625,0.0625,-0.9375
1517145354665954,-0.125,1.75,-0.3125
1517145354687969,-1.0625,2.3125,-0.4375
1517145354710992,-1.125,2.75,-1
1517145354726005,-2.5,3.375,-0.8125
1517145354748012,-3.0625,3.125,-0.8125
1517145354778033,-2.8125,2.625,-1.0625
1517145354792043,-2.5625,2.0625,-1
1517145354808054,-2.5,1.5,-0.9375
1517145354831072,-1.8125,1.5625,-0.4375
1517145354846083,-1.9375,2.5625,0.625
1517145354868097,0.125,2.4375,0.5625
1517145354891114,0.9375,2.0625,0.5
1517145354905124,0.625,1.6875,0.25
1517145354928140,-0.125,1.3125,0.3125
1517145354950173,-1.125,1.3125,1.3125
1517145354965167,-0.875,0.75,1.0625
1517145354988183,-1.0625,0.8125,0.9375
1517145355010199,-0.375,0.625,0.3125
1517145355031227,-0.375,0.5625,0.6875
1517145355054228,0.25,0.5625,0.9375
1517145355070258,0.875,1,1.3125
1517145355091255,1.125,1.5,1.0625
1517145355108267,0.875,2,1.375
1517145355130283,-0.125,1.1875,1.1875
1517145355145294,-0.5625,0.875,0.125
1517145355168310,-1.9375,1,-0.4375
1517145355199333,-2.875,0.875,-0.8125
1517145355213342,-2.0625,1.3125,-1.25
1517145355216344,-0.375,0.5625,0.6875
1517145355228352,-2.5625,1.8125,-1.5
1517145355250368,-2.875,3.125,-1.1875
1517145355271397,-4.0625,3.9375,-1.4375
1517145355288395,-2.75,4.5,-1.625
1517145355310411,-4,5.125,-1.6875
1517145355332431,-5.1875,5.3125,-2.125
1517145355348448,-4.875,4,-1.8125
1517145355371454,-5.125,2.5625,-1.0625
1517145355393471,-7.6875,1.875,-1.375
1517145355408481,-5.8125,0.875,-0.25
1517145355431503,-3,0.625,-0.4375
1517145355451512,-2.25,0.5,-0.3125
1517145355468523,-2.875,1.1875,0.1875
1517145355490539,-2.875,1,0.6875
1517145355511608,-2,0.9375,0.125
1517145355528600,-1.375,0.5625,-0.125
1517145355558587,-2,1,-0.875
1517145355571650,-4.3125,0.9375,-0.75
1517145355588654,-4.4375,0.625,-1.6875
1517145355610624,-4.1875,-0.5,-1.25
1517145355633643,-3.25,-0.1875,-1.6875
1517145355648651,-2.75,0.8125,-1.5
1517145355671669,-2.875,0.5625,-0.9375
1517145355692683,-1.3125,1.25,0.0625
1517145355707746,-1.75,1.625,-0.5625
1517145355730716,-0.6875,2.75,-0.5625
1517145355752725,0.0625,2.0625,-0.5625
1517145355767743,-0.1875,1.3125,-0.5
1517145355791754,-1.3125,1.6875,-1.0625
1517145355819775,-2.6875,0.125,-1.375
1517145355827805,-1.8125,-0.25,-0.875
1517145355851830,0.75,-0.4375,-0.3125
1517145355872820,-0.5,-0.5,0.1875
1517145355887827,-2.3125,0.375,0.5
1517145355911849,-1.375,0.9375,-0.25
1517145355932854,-0.0625,0.1875,-0.5
1517145355947899,2.4375,0.125,-0.625
1517145355970880,3.25,0.375,-0.1875
1517145355992895,-0.375,0.8125,-0.125
1517145356007930,-1.8125,0.5625,-0.75
1517145356030924,-0.375,0.375,-1.375
1517145356052939,0.25,0.6875,-1.0625
1517145356067998,-0.9375,0.75,-0.9375
1517145356090968,-1.625,1.25,-0.625
1517145356112984,-0.5625,1.9375,0
1517145356134049,0.75,2.0625,0.0625
1517145356151041,0.8125,2.5,0.5625
1517145356173024,-0.4375,1.9375,0.75
1517145356194039,-1.25,1.75,0.5
1517145356210048,-0.875,1.375,-0.3125
1517145356233081,-0.6875,1.375,-0.125
1517145356254134,-1.3125,0.875,-0.0625
1517145356271096,-1.375,0.1875,0.3125
1517145356293108,-0.9375,0.5,0.1875
1517145356314158,-0.5,0.625,0.5
1517145356331143,-0.5625,1.3125,0.875
1517145356353154,-0.75,1.5,1
1517145356377223,0,1.625,0.75
1517145356391178,0.625,1.5,0.4375
1517145356413196,-0.625,0.8125,0.4375
1517145356434261,-1.625,0.25,0
1517145356450272,-1.6875,0.25,0.375
1517145356473241,-1.0625,-0.25,0
1517145356494305,-0.5625,-0.0625,-0.5625
1517145356510279,-0.875,0.3125,-0.0625
1517145356533310,-0.375,1,0
1517145356554324,0.125,1.5,0.0625
1517145356570349,1.25,2.3125,-0.125
1517145356593322,1.5,1.9375,-0.3125
1517145356615350,0.6875,1.3125,-0.375
1517145356630347,-1.1875,1.0625,-0.3125
1517145356653367,-1.6875,0.375,-0.25
1517145356675382,-1.3125,0.0625,-0.5625
1517145356690393,-1.5625,0.3125,-0.375
1517145356713420,-1.125,0.9375,-0.1875
1517145356737459,-0.4375,1.6875,0.375
1517145356750449,0.125,2.125,0.0625
1517145356773483,0.625,2.0625,0.0625
1517145356795480,0.0625,2.0625,0.3125
1517145356810529,-1.1875,1.375,0.125
1517145356833492,-1.3125,0.8125,0.0625
1517145356855511,-1.0625,0.625,0.0625
1517145356870547,-0.8125,0.1875,-0.25
1517145356894537,-1.3125,0,-0.3125
1517145356915585,-1.5625,-0.0625,-0.1875
1517145356930567,-0.6875,1,0.3125
1517145356953586,-0.3125,1.4375,0.3125
1517145356975595,-0.25,1.75,0.0625
1517145356990609,-0.125,1.8125,-0.0625
1517145357013622,-0.875,1.5625,-0.3125
1517145357035666,-1.1875,0.9375,-0.375
1517145357056658,-1.8125,0.4375,-0.5
1517145357073665,-1.875,0.125,-0.25
1517145357103686,-1.25,0.0625,-0.125
1517145357116750,-0.9375,0.3125,-0.25
1517145357132704,-0.625,0.6875,-0.1875
1517145357155728,-0.5625,1.1875,0
1517145357176765,0.625,1.375,-0.0625
1517145357193750,0.25,1.5,0
1517145357215765,-0.375,1.375,-0.125
1517145357236779,-0.9375,1.1875,-0.0625
1517145357253798,-1.0625,0.75,-0.125
1517145357275807,-1.625,0.5,-0.1875
1517145357296821,-1.625,0.875,-0.125
1517145357313835,-1.75,1.0625,0.125
1517145357335851,-1.25,1.625,0.1875
1517145357356919,-1.625,2.1875,0.4375
1517145357372882,-1.5,2.4375,0.375
1517145357395893,-1.5625,2.5,0.125
1517145357416963,-1.8125,2.1875,-0.25
1517145357432920,-2.6875,1.75,-0.375
1517145357455936,-2.9375,1.5,-0.3125
1517145357476952,-2.3125,1.25,0.0625
1517145357492960,-1.1875,0.75,-0.0625
1517145357515975,-0.75,0.375,-0.125
1517145357537990,-0.625,0.1875,-0.125
1517145357553004,-0.3125,1,0.375
1517145357576051,0.3125,1.625,0.625
1517145357598036,1.375,2.25,0.3125
1517145357612098,1.125,2.5625,0.0625
1517145357636095,0.3125,2.5625,0
1517145357658077,-0.75,2.3125,-0.3125
1517145357672090,-1.1875,2.1875,-0.25
1517145357696104,-1.8125,1.6875,-0.4375
1517145357718123,-2.125,1.4375,-0.5
1517145357732169,-2,1.625,-0.375
1517145357756147,-1.9375,2.125,-0.25
1517145357778165,-1.6875,2.8125,-0.0625
1517145357792174,-1.25,3.125,0
1517145357816190,-0.9375,3.3125,-0.0625
1517145357839243,-0.8125,3.1875,-0.125
1517145357852216,-1.25,3.0625,0.0625
1517145357875232,-1.75,2.9375,0.0625
1517145357904308,-1.625,2.6875,0.1875
1517145357912259,-1.9375,2.375,0.25
1517145357935274,-1.125,2.625,0.5625
1517145357958289,-0.75,3.1875,0.875
1517145357972302,-0.3125,3.125,0.875
1517145357995343,0.5,2.8125,0.3125
1517145358018343,0.0625,1.9375,0
1517145358039401,-0.75,2.1875,0.0625
1517145358055360,-1.4375,1.875,1
1517145358078378,-2.125,1.125,0.625
1517145358099389,-1.625,1.125,0.375
1517145358115400,-1.3125,0.5625,0.9375
1517145358138416,-0.4375,0.625,1.125
1517145358159486,-0.4375,0.6875,1.5
1517145358175444,-0.8125,0.8125,1.125
1517145358198463,0.4375,0.625,0.8125
1517145358219511,0.125,1.25,0.625
1517145358235489,-1.0625,1.3125,0.6875
1517145358258503,-1.125,1.4375,0.4375
1517145358279570,-0.1875,1.75,0.1875
1517145358295531,-0.375,1.875,0.1875
1517145358318544,-0.0625,1.9375,0.4375
1517145358339610,0.125,1.8125,0.5
1517145358355588,0.625,2.125,0.625
1517145358384644,0,2.0625,0.75
1517145358399657,-0.375,2,0.875
1517145358415624,-0.6875,1.4375,0.25
1517145358438638,-1.1875,1.0625,-0.125
1517145358460648,-1.0625,0.75,-0.25
1517145358475672,-1.0625,0,-0.0625
1517145358498705,-0.8125,-0.0625,0.1875
1517145358520690,-0.375,-0.4375,0.125
1517145358535699,-0.1875,-0.25,0.0625
1517145358557715,-0.3125,-0.1875,0.125
1517145358580733,-0.375,0.0625,0.0625
1517145358595752,-0.3125,0.375,-0.3125
1517145358617809,-0.125,0.4375,-0.125
1517145358640773,-0.625,0.8125,-0.0625
1517145358661843,-0.75,0.8125,0.0625
1517145358677819,-0.375,1,0.0625
1517145358700819,-0.1875,0.625,0
1517145358714829,-0.5,0.3125,-0.25
1517145358737844,-1.3125,0.25,-0.125
1517145358760859,-0.9375,0.375,0.0625
1517145358781927,-0.625,0.3125,0.0625
1517145358797887,-0.25,0.25,-0.125
1517145358827914,-0.25,0.0625,0.0625
1517145358834924,-1.1875,-0.1875,0.125
1517145358857938,-1.4375,-0.1875,0.0625
1517145358887957,-1.375,-0.25,0.0625
1517145358894965,-1.375,0.1875,0.0625
1517145358917978,-1.25,0.5625,0.25
1517145358940996,-0.625,1.125,0.25
1517145358962010,-0.625,1.5625,0.5625
1517145358978015,-0.3125,1.6875,0.4375
1517145359001033,-0.25,1.4375,0.0625
1517145359022097,-1.1875,1.125,0.0625
1517145359046095,-2.3125,0.625,0.25
1517145359061112,-1.9375,0.625,0.0625
1517145359082139,-0.6875,0.4375,-0.3125
1517145359098100,-0.75,0.4375,-0.5
1517145359121144,-1.625,0.5,-0.5
1517145359142130,-1.8125,0.8125,0
1517145359158146,-0.625,1.0625,-0.0625
1517145359188164,-0.0625,1.0625,-0.125
1517145359202173,-0.1875,0.9375,-0.1875
1517145359218187,-0.75,0.5,-0.125
1517145359241202,-1.4375,0.125,-0.0625
1517145359262216,-1.5,-0.3125,-0.0625
1517145359278228,-1,-0.625,-0.375
1517145359300263,-0.6875,-0.875,-0.375
1517145359323261,-0.8125,-0.9375,-0.25
1517145359338271,-0.5625,-0.5,-0.125
1517145359343271,0.0625,-0.25,0.25
1517145359366341,0.375,-0.1875,0.125
1517145359388357,0.5,-0.1875,0
1517145359403369,-0.1875,-0.375,-0.125
1517145359426349,-1.5625,-0.75,-0.125
1517145359448401,-1.5625,-0.9375,-0.5
1517145359471419,-1.0625,-1.1875,-0.625
1517145359493381,-1,-1.1875,-0.8125
1517145359508399,-1.375,-1.25,-0.8125
1517145359523456,-1.4375,-1,-0.875
1517145359547417,-1,-0.375,-0.625
1517145359568488,-0.625,0.125,-0.1875
1517145359583498,0.5,0.25,-0.125
1517145359606458,0.4375,0,-0.875
1517145359628473,-0.75,-0.4375,-1
1517145359643489,-2.3125,-0.75,-0.6875
1517145359666543,-1.9375,-0.875,-0.5
1517145359688570,-0.1875,-0.875,-0.6875
1517145359711538,0.375,-0.9375,-0.6875
1517145359726549,-0.1875,-0.75,-0.4375
1517145359748596,-1,-0.5625,-0.0625
1517145359763628,-0.875,-0.1875,-0.0625
1517145359786593,1.0625,0.125,-0.25
1517145359808615,1.8125,0.25,-0.0625
1517145359823614,-1,0.5,0.625
1517145359846637,-2.75,0.3125,0.1875
1517145359877671,-0.75,0.5,-0.5
1517145359883713,2.25,3.0625,0.625
1517145359905724,-0.125,4.5,2.9375
1517145359928745,-0.0625,3.125,3.1875
1517145359943755,0.9375,0,1.25
